"Event.Index","UTC.Timestamp","UTC.Date.and.Time","Local.Timestamp","Local.Timezone","Local.Date.and.Time","Experiment.ID","Experiment.Version","Tree.Node.Key","Repeat.Key","Schedule.ID","Participant.Private.ID","Participant.Starting.Group","Participant.Status","Participant.Completion.Code","Participant.External.Session.ID","Participant.Device.Type","Participant.Device","Participant.OS","Participant.Browser","Participant.Monitor.Size","Participant.Viewport.Size","Checkpoint","Room.ID","Room.Order","Task.Name","Task.Version","branch.hkzp","order.ot79","branch.mcuq","Multiple.Choice.Grid.object.2.Easily.annoyed.by.others","Multiple.Choice.Grid.object.2.Easily.annoyed.by.others.Quantised","Multiple.Choice.Grid.object.2.Often.lose.temper","Multiple.Choice.Grid.object.2.Often.lose.temper.Quantised","Multiple.Choice.Grid.object.2.Stay.angry.for.a.long.time","Multiple.Choice.Grid.object.2.Stay.angry.for.a.long.time.Quantised","Multiple.Choice.Grid.object.2.Angry.most.of.the.time","Multiple.Choice.Grid.object.2.Angry.most.of.the.time.Quantised","Multiple.Choice.Grid.object.2.Get.angry.frequently","Multiple.Choice.Grid.object.2.Get.angry.frequently.Quantised","Multiple.Choice.Grid.object.2.Lose.temper.easily","Multiple.Choice.Grid.object.2.Lose.temper.easily.Quantised","Multiple.Choice.Grid.object.2.Overall..irritability.causes.me.problems","Multiple.Choice.Grid.object.2.Overall..irritability.causes.me.problems.Quantised","Random_ID"
"1",1694023547068,"06/09/2023 18:05:47",1694009147068,-4,"06/09/2023 10:05:47",142246,8,"questionnaire-79c5",NA,31533630,9331540,NA,"complete","mdhysq","30LB5CDZNI9BLS09MR96WYV2B5IZ0X","computer","Desktop or Laptop","Windows 10","Chrome 116.0.0.0","1280x1024","1280x875",NA,NA,0,"ARI",2,"In","ABKCJDIEHFG",NA,"Somewhat true","2","Not true","1","Not true","1","Not true","1","Not true","1","Somewhat true","2","Not true","1","SUPAMT52969"
"1",1694024102760,"06/09/2023 18:15:02",1694009702760,-4,"06/09/2023 10:15:02",142246,8,"questionnaire-79c5",NA,31533895,9331580,NA,"complete","aszmrz","3DI28L7YXGDDHMUVMNZTPTDUSRPE1J","computer","Desktop or Laptop","Windows 8.1","Chrome 109.0.0.0","1366x768","1366x625",NA,NA,0,"ARI",2,"In","BCADKEJFIGH",NA,"Certainly true","3","Somewhat true","2","Certainly true","3","Somewhat true","2","Somewhat true","2","Somewhat true","2","Certainly true","3","SUPAMT58485"
"1",1694045940189,"07/09/2023 00:19:00",1694031540189,-4,"06/09/2023 16:19:00",142246,8,"questionnaire-79c5",NA,31534002,9331600,NA,"complete","zxbeud","3L0KT67Y8KFBHBAGZ7Q7SXSJZIJSY1","computer","Desktop or Laptop","Windows 10","Chrome 116.0.0.0","1366x768","1366x619",NA,NA,0,"ARI",2,"In","CDBEAFKGJHI",NA,"Somewhat true","2","Not true","1","Somewhat true","2","Somewhat true","2","Not true","1","Somewhat true","2","Not true","1","SUPAMT04349"
"1",1694029172810,"06/09/2023 19:39:32",1694011172810,-5,"06/09/2023 09:39:32",142246,8,"questionnaire-79c5",NA,31534851,9331688,NA,"complete","wqkjju","3IKZ72A5BAF8171GMLHX4IBX77HNFI","computer","Desktop or Laptop","Windows 10","Chrome 116.0.0.0","1707x960","1366x668",NA,NA,0,"ARI",2,"In","EFDGCHBIAJK",NA,"Not true","1","Not true","1","Not true","1","Not true","1","Not true","1","Not true","1","Not true","1","SUPAMT54694"
"1",1694025753747,"06/09/2023 18:42:33",1694011353747,-4,"06/09/2023 10:42:33",142246,8,"questionnaire-79c5",NA,31534959,9331703,NA,"complete","hieajp","3HVVDCPGTKRCWBNVO7VX22O5Z7KTYO","computer","Desktop or Laptop","Windows 10","Chrome 116.0.0.0","1366x768","1517x765",NA,NA,0,"ARI",2,"In","FGEHDICJBKA",NA,"Not true","1","Not true","1","Not true","1","Not true","1","Not true","1","Not true","1","Not true","1","SUPAMT05187"
"1",1694052448196,"07/09/2023 02:07:28",1694038048196,-4,"06/09/2023 18:07:28",142246,8,"questionnaire-79c5",NA,31536830,9332062,NA,"complete","jkjqop","3BV8HQ2ZZ205YVEGCO9OO6EKE2KA6O","computer","Desktop or Laptop","Windows 10","Chrome 116.0.0.0","1366x768","1366x619",NA,NA,0,"ARI",2,"In","GHFIEJDKCAB",NA,"Somewhat true","2","Somewhat true","2","Not true","1","Somewhat true","2","Somewhat true","2","Somewhat true","2","Not true","1","SUPAMT57890"
"1",1694043168858,"06/09/2023 23:32:48",1694028768858,-4,"06/09/2023 15:32:48",142246,8,"questionnaire-79c5",NA,31542198,9332792,NA,"complete","ovgzzt","3TS1AR6UQWDJYM9T6E088LP77EKF7F","computer","Desktop or Laptop","Mac OS 10.15.7","Chrome 116.0.0.0","1728x1117","1352x878",NA,NA,0,"ARI",2,"In","IJHKGAFBECD",NA,"Not true","1","Not true","1","Not true","1","Not true","1","Not true","1","Not true","1","Not true","1","SUPAMT82251"
"1",1694050628042,"07/09/2023 01:37:08",1694036228042,-4,"06/09/2023 17:37:08",142246,8,"questionnaire-79c5",NA,31544842,9333115,NA,"complete","gaylyz","3NXNZ5RS1GWAXCIG3S0GYP3W3W279N","computer","Desktop or Laptop","Windows 10","Chrome 116.0.0.0","1280x720","1280x603",NA,NA,0,"ARI",2,"In","JKIAHBGCFDE",NA,"Not true","1","Not true","1","Not true","1","Not true","1","Not true","1","Not true","1","Not true","1","SUPAMT39501"
"1",1694121284117,"07/09/2023 21:14:44",1694106884117,-4,"07/09/2023 13:14:44",142246,8,"questionnaire-79c5",NA,31560159,9335361,NA,"complete","oycgnz","3X31TUMD73LRNS4N39MX2O3E1OUL1H","computer","Desktop or Laptop","Windows 10","Chrome 116.0.0.0","1366x768","1366x619",NA,NA,0,"ARI",2,"In","KAJBICHDGEF",NA,"Somewhat true","2","Certainly true","3","Somewhat true","2","Certainly true","3","Not true","1","Somewhat true","2","Not true","1","SUPAMT58446"
"1",1694118192656,"07/09/2023 20:23:12",1694103792656,-4,"07/09/2023 12:23:12",142246,8,"questionnaire-79c5",NA,31567489,9337068,NA,"complete","mevyjh","3ZGVPD4G6ZGC11X0KTXGG9X76JLZTJ","computer","Desktop or Laptop","Windows 10","Chrome 116.0.0.0","1366x768","1366x619",NA,NA,0,"ARI",2,"In","ABKCJDIEHFG",NA,"Somewhat true","2","Somewhat true","2","Certainly true","3","Somewhat true","2","Certainly true","3","Somewhat true","2","Somewhat true","2","SUPAMT28732"
"1",1694163580906,"08/09/2023 08:59:40",1694149180906,-4,"08/09/2023 00:59:40",142246,8,"questionnaire-79c5",NA,31578784,9339308,NA,"complete","yyjdxn","34BBWHLWHGAIYSCKFUE53Y1GER9WIZ","computer","Desktop or Laptop","Windows 10","Chrome 116.0.0.0","1280x720","1280x571",NA,NA,0,"ARI",2,"In","BCADKEJFIGH",NA,"Not true","1","Not true","1","Not true","1","Not true","1","Not true","1","Not true","1","Not true","1","SUPAMT93300"
"1",1694195858689,"08/09/2023 17:57:38",1694181458689,-4,"08/09/2023 09:57:38",142246,8,"questionnaire-79c5",NA,31590496,9340880,NA,"complete","oxnwwu","3OS4RQUCRFE60YCJJVCODNB3Q4CFB2","computer","Desktop or Laptop","Windows 10","Chrome 116.0.0.0","1360x768","907x413",NA,NA,0,"ARI",2,"In","DECFBGAHKIJ",NA,"Not true","1","Not true","1","Not true","1","Not true","1","Not true","1","Not true","1","Not true","1","SUPAMT78887"
"1",1694196088834,"08/09/2023 18:01:28",1694181688834,-4,"08/09/2023 10:01:28",142246,8,"questionnaire-79c5",NA,31590628,9340873,NA,"complete","bwsfxs","3907X2AHF64O3Y1HE5FIOOM3XJHP21","computer","Desktop or Laptop","Windows 10","Chrome 116.0.0.0","1910x1055","1248x889",NA,NA,0,"ARI",2,"In","CDBEAFKGJHI",NA,"Not true","1","Not true","1","Not true","1","Not true","1","Somewhat true","2","Somewhat true","2","Not true","1","SUPAMT96542"
"1",1694197038829,"08/09/2023 18:17:18",1694182638829,-4,"08/09/2023 10:17:18",142246,8,"questionnaire-79c5",NA,31591041,9340886,NA,"complete","vvfnsq","3PZDLQMM0ZK599SD90TC4ONWXHL2CG","computer","Desktop or Laptop","Windows 10","Chrome 116.0.0.0","1366x768","1366x619",NA,NA,0,"ARI",2,"In","EFDGCHBIAJK",NA,"Somewhat true","2","Not true","1","Somewhat true","2","Not true","1","Somewhat true","2","Somewhat true","2","Not true","1","SUPAMT73359"
"1",1694196907533,"08/09/2023 18:15:07",1694182507533,-4,"08/09/2023 10:15:07",142246,8,"questionnaire-79c5",NA,31590981,9340936,NA,"rejected - time limit reached","","3Z4AIRP3CCCMNMLCHSPLDIY18XXX18","computer","Desktop or Laptop","Windows 10","Chrome 116.0.0.0","1364x768","1515x687",NA,NA,0,"ARI",2,"In","FGEHDICJBKA",NA,"Somewhat true","2","Certainly true","3","Somewhat true","2","Not true","1","Not true","1","Certainly true","3","Somewhat true","2","SUPAMT06323"
"1",1694204148418,"08/09/2023 20:15:48",1694189748418,-4,"08/09/2023 12:15:48",142246,8,"questionnaire-79c5",NA,31593987,9341442,NA,"rejected - time limit reached","","3HRMW88U1CPBML1Q72JCOWZTW06M07","computer","Desktop or Laptop","Windows 10","Chrome 116.0.0.0","1364x768","1515x687",NA,NA,0,"ARI",2,"In","IJHKGAFBECD",NA,"Somewhat true","2","Not true","1","Somewhat true","2","Not true","1","Somewhat true","2","Not true","1","Somewhat true","2","SUPAMT63304"
"1",1694205889008,"08/09/2023 20:44:49",1694191489008,-4,"08/09/2023 12:44:49",142246,8,"questionnaire-79c5",NA,31594760,9341630,NA,"complete","ymohyb","33F859I56CCQEU3PEL0OG8NG6JCBHJ","computer","Desktop or Laptop","Windows 10","Chrome 116.0.0.0","1366x768","1366x619",NA,NA,0,"ARI",2,"In","JKIAHBGCFDE",NA,"Somewhat true","2","Certainly true","3","Somewhat true","2","Certainly true","3","Somewhat true","2","Certainly true","3","Somewhat true","2","SUPAMT44703"
"1",1694209528663,"08/09/2023 21:45:28",1694191528663,-5,"08/09/2023 11:45:28",142246,8,"questionnaire-79c5",NA,31594769,9341616,NA,"complete","hwfxga","37KGEN7NJ9PKV52NG3QUK1UW8T9PPO","computer","Desktop or Laptop","Windows 8.1","Chrome 109.0.0.0","1366x768","1366x625",NA,NA,0,"ARI",2,"In","KAJBICHDGEF",NA,"Not true","1","Not true","1","Not true","1","Not true","1","Not true","1","Not true","1","Not true","1","SUPAMT73934"
"1",1694220852346,"09/09/2023 00:54:12",1694206452346,-4,"08/09/2023 16:54:12",142246,8,"questionnaire-79c5",NA,31594980,9341652,NA,"complete","yyqwjv","3VHHR074H9G5YEJPSP363YUR27OL70","computer","Desktop or Laptop","Windows 10","Chrome 115.0.0.0","1280x1024","1280x907",NA,NA,0,"ARI",2,"In","ABKCJDIEHFG",NA,"Not true","1","Not true","1","Not true","1","Not true","1","Not true","1","Not true","1","Not true","1","SUPAMT85380"
"1",1694209849560,"08/09/2023 21:50:49",1694195449560,-4,"08/09/2023 13:50:49",142246,8,"questionnaire-79c5",NA,31596029,9341822,NA,"complete","ipqgiu","3NXNZ5RS1GWAXCIG3S0GYP3W2DI790","computer","Desktop or Laptop","Mac OS 10.15.7","Chrome 115.0.0.0","1440x900","1266x725",NA,NA,0,"ARI",2,"In","CDBEAFKGJHI",NA,"Not true","1","Not true","1","Not true","1","Not true","1","Not true","1","Not true","1","Not true","1","SUPAMT18235"
"1",1694214794492,"08/09/2023 23:13:14",1694200394492,-4,"08/09/2023 15:13:14",142246,8,"questionnaire-79c5",NA,31597326,9342091,NA,"complete","xvjawq","3W8CV64QJ8Y7Q1OSG1MSP2SQIJEH9K","computer","Desktop or Laptop","Windows 10","Chrome 114.0.0.0","1366x768","1366x625",NA,NA,0,"ARI",2,"In","DECFBGAHKIJ",NA,"Not true","1","Somewhat true","2","Certainly true","3","Somewhat true","2","Not true","1","Somewhat true","2","Certainly true","3","SUPAMT46587"
"1",1694234512077,"09/09/2023 04:41:52",1694220112077,-4,"08/09/2023 20:41:52",142246,8,"questionnaire-79c5",NA,31599898,9342626,NA,"complete","chkxod","3KYQYYSHY16TL8NWWUMKV78HJORODA","computer","Desktop or Laptop","Windows 10","Chrome 112.0.0.0","1366x768","1366x657",NA,NA,0,"ARI",2,"In","EFDGCHBIAJK",NA,"Not true","1","Not true","1","Not true","1","Not true","1","Not true","1","Not true","1","Not true","1","SUPAMT03895"
"1",1694295700050,"09/09/2023 21:41:40",1694281300050,-4,"09/09/2023 13:41:40",142246,8,"questionnaire-79c5",NA,31607897,9343959,NA,"complete","arvogf","352YTHGRO1C6TVIGZ6Q18UHAV7SH4B","computer","Desktop or Laptop","Windows 8.1","Firefox 115.0","1366x768","1366x643",NA,NA,0,"ARI",2,"In","FGEHDICJBKA",NA,"Somewhat true","2","Not true","1","Certainly true","3","Somewhat true","2","Certainly true","3","Not true","1","Somewhat true","2","SUPAMT06944"
"1",1694453785736,"11/09/2023 17:36:25",1694428585736,-7,"11/09/2023 03:36:25",142246,8,"questionnaire-79c5",NA,31623529,9347097,NA,"complete","eizxcr","3IGI0VL64DJ27KE9LO0NRCKBZU2NO6","computer","Desktop or Laptop","Windows 10","Chrome 116.0.0.0","1280x800","1280x683",NA,NA,0,"ARI",2,"In","IJHKGAFBECD",NA,"Not true","1","Certainly true","3","Somewhat true","2","Not true","1","Certainly true","3","Somewhat true","2","Somewhat true","2","SUPAMT17567"
"1",1694443004300,"11/09/2023 14:36:44",1694428604300,-4,"11/09/2023 06:36:44",142246,8,"questionnaire-79c5",NA,31623534,9347086,NA,"complete","duqcor","3KMS4QQVK8P7T1GDP8PHCQUTB87FKQ","computer","Desktop or Laptop","Windows 10","Chrome 116.0.0.0","1280x1024","1280x875",NA,NA,0,"ARI",2,"In","GHFIEJDKCAB",NA,"Not true","1","Somewhat true","2","Somewhat true","2","Not true","1","Not true","1","Somewhat true","2","Not true","1","SUPAMT88210"
"1",1694395338071,"11/09/2023 01:22:18",1694380938071,-4,"10/09/2023 17:22:18",142246,8,"questionnaire-79c5",NA,31624194,9347084,NA,"complete","cssbnt","340UGXU9D40ASU7FJ1YN0Z6D3IGUVT","computer","Desktop or Laptop","Windows 10","Chrome 116.0.0.0","1920x1080","1920x963",NA,NA,0,"ARI",2,"In","HIGJFKEADBC",NA,"Not true","1","Not true","1","Not true","1","Somewhat true","2","Not true","1","Somewhat true","2","Somewhat true","2","SUPAMT41548"
"1",1694449850996,"11/09/2023 16:30:50",1694431850996,-5,"11/09/2023 06:30:50",142246,8,"questionnaire-79c5",NA,31625305,9347467,NA,"complete","ijeveg","3634BBTX0UTGN6QPP545ZAFGLUTIFB","computer","Desktop or Laptop","Windows 10","Chrome 116.0.0.0","1536x864","1536x715",NA,NA,0,"ARI",2,"In","JKIAHBGCFDE",NA,"Somewhat true","2","Not true","1","Not true","1","Somewhat true","2","Somewhat true","2","Not true","1","Not true","1","SUPAMT09500"
"1",1694446387512,"11/09/2023 15:33:07",1694431987512,-4,"11/09/2023 07:33:07",142246,8,"questionnaire-79c5",NA,31625648,9347580,NA,"complete","brmmps","3J88R45B2MXP4E4E2U0BEEGZ9NHXP8","computer","Desktop or Laptop","Windows 10","Chrome 116.0.0.0","1280x1024","1280x875",NA,NA,0,"ARI",2,"In","KAJBICHDGEF",NA,"Somewhat true","2","Not true","1","Somewhat true","2","Somewhat true","2","Certainly true","3","Certainly true","3","Somewhat true","2","SUPAMT69675"
"1",1694448991623,"11/09/2023 16:16:31",1694434591623,-4,"11/09/2023 08:16:31",142246,8,"questionnaire-79c5",NA,31626490,9347812,NA,"complete","fwirwg","3YHH42UU5HERG3J57QIXOJK4WWNL0D","computer","Desktop or Laptop","Mac OS 10.14","Firefox 102.0","1440x900","1367x764",NA,NA,0,"ARI",2,"In","ABKCJDIEHFG",NA,"Somewhat true","2","Not true","1","Not true","1","Not true","1","Somewhat true","2","Not true","1","Somewhat true","2","SUPAMT55556"
"1",1694487448625,"12/09/2023 02:57:28",1694462248625,-7,"11/09/2023 12:57:28",142246,8,"questionnaire-79c5",NA,31627435,9348006,NA,"complete","snkrya","34Q075JO13CEQWF1EG0E44BQYQK10P","computer","Desktop or Laptop","Windows 10","Chrome 116.0.0.0","1366x768","1366x619",NA,NA,0,"ARI",2,"In","CDBEAFKGJHI",NA,"Certainly true","3","Somewhat true","2","Certainly true","3","Somewhat true","2","Somewhat true","2","Certainly true","3","Somewhat true","2","SUPAMT75094"
"1",1694451363411,"11/09/2023 16:56:03",1694436963411,-4,"11/09/2023 08:56:03",142246,8,"questionnaire-79c5",NA,31627516,9348012,NA,"complete","jifdct","3WAKVUDHU2F8H46J13V7ULQAH0DU75","computer","Desktop or Laptop","Windows 10","Chrome 116.0.0.0","1536x864","1536x715",NA,NA,0,"ARI",2,"In","DECFBGAHKIJ",NA,"Not true","1","Somewhat true","2","Not true","1","Not true","1","Certainly true","3","Not true","1","Not true","1","SUPAMT65671"
"1",1694452283093,"11/09/2023 17:11:23",1694437883093,-4,"11/09/2023 09:11:23",142246,8,"questionnaire-79c5",NA,31627715,9348065,NA,"complete","swqeqv","3Q5C1WP23S0DL312BM6QLZ7HD8K51L","computer","Desktop or Laptop","Windows 10","Chrome 115.0.0.0","1600x900","1600x783",NA,NA,0,"ARI",2,"In","EFDGCHBIAJK",NA,"Somewhat true","2","Not true","1","Not true","1","Not true","1","Not true","1","Not true","1","Somewhat true","2","SUPAMT38237"
"1",1694455169116,"11/09/2023 17:59:29",1694440769116,-4,"11/09/2023 09:59:29",142246,8,"questionnaire-79c5",NA,31629193,9348307,NA,"complete","pmlnoq","3E337GFOLF7EF7XBX5NFM3B98ORNGV","computer","Desktop or Laptop","Windows 10","Chrome 116.0.0.0","1280x720","1280x603",NA,NA,0,"ARI",2,"In","GHFIEJDKCAB",NA,"Somewhat true","2","Certainly true","3","Somewhat true","2","Certainly true","3","Somewhat true","2","Certainly true","3","Somewhat true","2","SUPAMT85212"
"1",1694455744782,"11/09/2023 18:09:04",1694441344782,-4,"11/09/2023 10:09:04",142246,8,"questionnaire-79c5",NA,31629503,9348433,NA,"complete","waemuo","3VZLGYJEYR9JII6KP3YD5CIDLCTXZG","computer","Desktop or Laptop","Windows 10","Chrome 116.0.0.0","1360x768","1360x619",NA,NA,0,"ARI",2,"In","HIGJFKEADBC",NA,"Not true","1","Not true","1","Not true","1","Not true","1","Not true","1","Not true","1","Not true","1","SUPAMT98287"
"1",1694463876775,"11/09/2023 20:24:36",1694449476775,-4,"11/09/2023 12:24:36",142246,8,"questionnaire-79c5",NA,31632481,9349147,NA,"complete","wxtcpy","3NGI5ARFTZ4HEDJLV1F4J5CY4AYP18","computer","Desktop or Laptop","Windows 10","Chrome 116.0.0.0","1280x800","1280x651",NA,NA,0,"ARI",2,"In","IJHKGAFBECD",NA,"Certainly true","3","Somewhat true","2","Somewhat true","2","Certainly true","3","Certainly true","3","Somewhat true","2","Somewhat true","2","SUPAMT76571"
"1",1694464402806,"11/09/2023 20:33:22",1694450002806,-4,"11/09/2023 12:33:22",142246,8,"questionnaire-79c5",NA,31632624,9349197,NA,"complete","smtfmz","3C5W7UE9CLPJJB71AE8JXAM4683XMR","computer","Desktop or Laptop","Windows 10","Chrome 116.0.0.0","1366x768","1366x619",NA,NA,0,"ARI",2,"In","KAJBICHDGEF",NA,"Somewhat true","2","Certainly true","3","Somewhat true","2","Certainly true","3","Somewhat true","2","Certainly true","3","Certainly true","3","SUPAMT37698"
"1",1694464862927,"11/09/2023 20:41:02",1694450462927,-4,"11/09/2023 12:41:02",142246,8,"questionnaire-79c5",NA,31632782,9349217,NA,"complete","wltptx","","computer","Desktop or Laptop","Windows 10","Chrome 116.0.0.0","1366x768","1366x619",NA,NA,0,"ARI",2,"In","ABKCJDIEHFG",NA,"Somewhat true","2","Not true","1","Not true","1","Somewhat true","2","Somewhat true","2","Certainly true","3","Certainly true","3","SUPAMT20625"
"1",1694465700825,"11/09/2023 20:55:00",1694451300825,-4,"11/09/2023 12:55:00",142246,8,"questionnaire-79c5",NA,31633000,9349234,NA,"complete","wredeh","323Q6SJS8OFGRBF5JNMKZYE1KXWHFU","computer","Desktop or Laptop","Windows 10","Chrome 115.0.0.0","1366x768","1366x768",NA,NA,0,"ARI",2,"In","BCADKEJFIGH",NA,"Certainly true","3","Somewhat true","2","Not true","1","Certainly true","3","Somewhat true","2","Somewhat true","2","Not true","1","SUPAMT68797"
"1",1694466856031,"11/09/2023 21:14:16",1694452456031,-4,"11/09/2023 13:14:16",142246,8,"questionnaire-79c5",NA,31633279,9349312,NA,"complete","tchkzm","3JNQLM5FTALYCDMJMDMB77DJR6L2LE","computer","Desktop or Laptop","Windows 10","Chrome 116.0.0.0","1366x768","1366x619",NA,NA,0,"ARI",2,"In","DECFBGAHKIJ",NA,"Somewhat true","2","Somewhat true","2","Not true","1","Not true","1","Not true","1","Not true","1","Not true","1","SUPAMT08102"
"1",1694467103921,"11/09/2023 21:18:23",1694452703921,-4,"11/09/2023 13:18:23",142246,8,"questionnaire-79c5",NA,31633350,9349283,NA,"complete","hbtrkk","31JLPPHS20TV3GLZ35G8IYM5UV1O3H","computer","Desktop or Laptop","Windows 10","Chrome 116.0.0.0","1366x768","1093x495",NA,NA,0,"ARI",2,"In","CDBEAFKGJHI",NA,"Somewhat true","2","Certainly true","3","Certainly true","3","Somewhat true","2","Somewhat true","2","Somewhat true","2","Certainly true","3","SUPAMT63995"
"1",1694467563406,"11/09/2023 21:26:03",1694453163406,-4,"11/09/2023 13:26:03",142246,8,"questionnaire-79c5",NA,31633467,9349391,NA,"complete","kiptvq","3Z9WI9EOZ5NR7X7JKYDHFB66TDYHKM","computer","Desktop or Laptop","Windows 10","Chrome 116.0.0.0","1366x768","1366x619",NA,NA,0,"ARI",2,"In","FGEHDICJBKA",NA,"Somewhat true","2","Not true","1","Somewhat true","2","Somewhat true","2","Not true","1","Somewhat true","2","Not true","1","SUPAMT75571"
"1",1694468370141,"11/09/2023 21:39:30",1694453970141,-4,"11/09/2023 13:39:30",142246,8,"questionnaire-79c5",NA,31633637,9349417,NA,"complete","xogwzf","3BV8HQ2ZZ205YVEGCO9OO6EKFOV6A4","computer","Desktop or Laptop","Windows 10","Chrome 116.0.0.0","1280x1024","1280x869",NA,NA,0,"ARI",2,"In","GHFIEJDKCAB",NA,"Somewhat true","2","Not true","1","Somewhat true","2","Somewhat true","2","Not true","1","Somewhat true","2","Somewhat true","2","SUPAMT65760"
"1",1694469474567,"11/09/2023 21:57:54",1694455074567,-4,"11/09/2023 13:57:54",142246,8,"questionnaire-79c5",NA,31633908,9349512,NA,"complete","ynawuk","3VD82FOHKWNJGGHIWYR9B1QZY2CCON","computer","Desktop or Laptop","Windows 10","Chrome 116.0.0.0","1364x768","1364x619",NA,NA,0,"ARI",2,"In","IJHKGAFBECD",NA,"Somewhat true","2","Not true","1","Somewhat true","2","Somewhat true","2","Not true","1","Not true","1","Somewhat true","2","SUPAMT97235"
"1",1694469046949,"11/09/2023 21:50:46",1694454646949,-4,"11/09/2023 13:50:46",142246,8,"questionnaire-79c5",NA,31633976,9349526,NA,"complete","lkavxq","32AT8R96GR8U02QBP6TIPCM62RLSU9","computer","Desktop or Laptop","Windows 10","Chrome 116.0.0.0","1364x768","1364x619",NA,NA,0,"ARI",2,"In","JKIAHBGCFDE",NA,"Not true","1","Somewhat true","2","Not true","1","Not true","1","Somewhat true","2","Not true","1","Not true","1","SUPAMT94910"
"1",1694469717802,"11/09/2023 22:01:57",1694455317802,-4,"11/09/2023 14:01:57",142246,8,"questionnaire-79c5",NA,31633979,9349476,NA,"complete","pjahvp","32AT8R96GR8U02QBP6TIPCM64JRSU1","computer","Desktop or Laptop","Windows 10","Chrome 116.0.0.0","1366x768","1366x619",NA,NA,0,"ARI",2,"In","HIGJFKEADBC",NA,"Somewhat true","2","Not true","1","Somewhat true","2","Somewhat true","2","Somewhat true","2","Not true","1","Somewhat true","2","SUPAMT98846"
"1",1694469866243,"11/09/2023 22:04:26",1694455466243,-4,"11/09/2023 14:04:26",142246,8,"questionnaire-79c5",NA,31634015,9349539,NA,"complete","mjpmmy","3MRNMEIQWB5LFNKZJ26S3Q4NQM9LDL","computer","Desktop or Laptop","Windows 10","Chrome 115.0.0.0","1280x1024","1280x875",NA,NA,0,"ARI",2,"In","KAJBICHDGEF",NA,"Somewhat true","2","Somewhat true","2","Certainly true","3","Somewhat true","2","Somewhat true","2","Certainly true","3","Somewhat true","2","SUPAMT18230"
"1",1694491984243,"12/09/2023 04:13:04",1694477584243,-4,"11/09/2023 20:13:04",142246,8,"questionnaire-79c5",NA,31634133,9349557,NA,"complete","jopwxr","31HQ4X3T3Y9RHC3HGS1HYPQNRQ0SL5","computer","Desktop or Laptop","Windows 10","Chrome 116.0.0.0","1366x768","1366x619",NA,NA,0,"ARI",2,"In","ABKCJDIEHFG",NA,"Somewhat true","2","Somewhat true","2","Certainly true","3","Somewhat true","2","Certainly true","3","Somewhat true","2","Somewhat true","2","SUPAMT36846"
"1",1694471524626,"11/09/2023 22:32:04",1694457124626,-4,"11/09/2023 14:32:04",142246,8,"questionnaire-79c5",NA,31634448,9349598,NA,"complete","chslnx","37QW5D2ZRMLW25JYM3SDTK4H7OJS8X","computer","Desktop or Laptop","Windows 10","Chrome 116.0.0.0","1366x768","1366x619",NA,NA,0,"ARI",2,"In","CDBEAFKGJHI",NA,"Not true","1","Not true","1","Not true","1","Not true","1","Not true","1","Not true","1","Not true","1","SUPAMT46146"
"1",1694471801173,"11/09/2023 22:36:41",1694457401173,-4,"11/09/2023 14:36:41",142246,8,"questionnaire-79c5",NA,31634506,9349610,NA,"complete","xljybu","3U5NZHP4LX1SIO4ZXQIPBSS5NN2HPL","computer","Desktop or Laptop","Windows 10","Chrome 116.0.0.0","1366x768","1366x619",NA,NA,0,"ARI",2,"In","DECFBGAHKIJ",NA,"Somewhat true","2","Not true","1","Somewhat true","2","Somewhat true","2","Not true","1","Somewhat true","2","Somewhat true","2","SUPAMT36372"
"1",1694472874124,"11/09/2023 22:54:34",1694458474124,-4,"11/09/2023 14:54:34",142246,8,"questionnaire-79c5",NA,31634669,9349567,NA,"complete","bbhakg","33NF62TLXP1NY3298YG2ROML67IJKD","computer","Desktop or Laptop","Windows 10","Chrome 116.0.0.0","1366x768","1327x596",NA,NA,0,"ARI",2,"In","BCADKEJFIGH",NA,"Somewhat true","2","Certainly true","3","Somewhat true","2","Somewhat true","2","Somewhat true","2","Somewhat true","2","Certainly true","3","SUPAMT56321"
"1",1694473178286,"11/09/2023 22:59:38",1694458778286,-4,"11/09/2023 14:59:38",142246,8,"questionnaire-79c5",NA,31634721,9349656,NA,"complete","vvxsqh","3KIBXJ1WDBT1ZET6OB87ZK374E7OK5","computer","Desktop or Laptop","Windows 10","Chrome 116.0.0.0","1366x768","1366x619",NA,NA,0,"ARI",2,"In","EFDGCHBIAJK",NA,"Somewhat true","2","Certainly true","3","Certainly true","3","Somewhat true","2","Certainly true","3","Somewhat true","2","Somewhat true","2","SUPAMT42158"
"1",1695066229481,"18/09/2023 19:43:49",1695051829481,-4,"18/09/2023 11:43:49",142246,8,"questionnaire-79c5",NA,31721958,9376607,NA,"complete","ioktzf","35K3O9HUAHC471O3TMEEEVHOSGLFER","computer","Desktop or Laptop","Windows 10","Chrome 116.0.0.0","1920x1080","1920x963",NA,NA,0,"ARI",2,"In","HIGJFKEADBC",NA,"Somewhat true","2","Not true","1","Not true","1","Not true","1","Not true","1","Not true","1","Somewhat true","2","SUPAMT77780"
"1",1695066493242,"18/09/2023 19:48:13",1695052093242,-4,"18/09/2023 11:48:13",142246,8,"questionnaire-79c5",NA,31722039,9376581,NA,"complete","varmrk","33LK57MYLZ4BM1KLVTSQ641L5CNSZS","computer","Desktop or Laptop","Windows 10","Chrome 116.0.0.0","1364x768","1364x619",NA,NA,0,"ARI",2,"In","GHFIEJDKCAB",NA,"Not true","1","Somewhat true","2","Somewhat true","2","Not true","1","Somewhat true","2","Somewhat true","2","Not true","1","SUPAMT10666"
"1",1695088137373,"19/09/2023 01:48:57",1695073737373,-4,"18/09/2023 17:48:57",142246,8,"questionnaire-79c5",NA,31722043,9376618,NA,"complete","yuctob","3KV0LJBBH8KZMFLP1F2R8S0G5S6RMF","computer","Desktop or Laptop","Windows 10","Chrome 116.0.0.0","1366x768","1366x619",NA,NA,0,"ARI",2,"In","JKIAHBGCFDE",NA,"Somewhat true","2","Somewhat true","2","Not true","1","Somewhat true","2","Somewhat true","2","Somewhat true","2","Not true","1","SUPAMT46237"
"1",1695066508364,"18/09/2023 19:48:28",1695052108364,-4,"18/09/2023 11:48:28",142246,8,"questionnaire-79c5",NA,31722047,9376642,NA,"complete","mfpbkz","3PZDLQMM0ZK599SD90TC4ONWY04C2C","computer","Desktop or Laptop","Windows 10","Chrome 116.0.0.0","1366x768","1366x619",NA,NA,0,"ARI",2,"In","KAJBICHDGEF",NA,"Somewhat true","2","Not true","1","Somewhat true","2","Certainly true","3","Somewhat true","2","Not true","1","Not true","1","SUPAMT20625"
"1",1695066728575,"18/09/2023 19:52:08",1695052328575,-4,"18/09/2023 11:52:08",142246,8,"questionnaire-79c5",NA,31722127,9376622,NA,"complete","nnrtcs","3AMYWKA6YHLU0Z8HM7E6P1YP44EO6Y","computer","Desktop or Laptop","Windows 10","Chrome 116.0.0.0","1366x768","1366x619",NA,NA,0,"ARI",2,"In","IJHKGAFBECD",NA,"Not true","1","Somewhat true","2","Not true","1","Somewhat true","2","Not true","1","Somewhat true","2","Not true","1","SUPAMT03607"
"1",1695067133603,"18/09/2023 19:58:53",1695052733603,-4,"18/09/2023 11:58:53",142246,8,"questionnaire-79c5",NA,31722457,9376719,NA,"complete","owjpvu","308Q0PEVBEC7MWZCMJ4DPET5IYII97","computer","Desktop or Laptop","Windows 10","Chrome 116.0.0.0","1366x768","1366x619",NA,NA,0,"ARI",2,"In","ABKCJDIEHFG",NA,"Somewhat true","2","Certainly true","3","Certainly true","3","Certainly true","3","Somewhat true","2","Somewhat true","2","Somewhat true","2","SUPAMT43420"
"1",1695072247122,"18/09/2023 21:24:07",1695054247122,-5,"18/09/2023 11:24:07",142246,8,"questionnaire-79c5",NA,31722668,9376775,NA,"complete","wobdyu","3Y4W8Q93L5JOBSWTX68YQZ2PHJPVDQ","computer","Desktop or Laptop","Windows 10","Chrome 116.0.0.0","2048x1152","2048x1003",NA,NA,0,"ARI",2,"In","BCADKEJFIGH",NA,"Not true","1","Not true","1","Not true","1","Not true","1","Not true","1","Not true","1","Not true","1","SUPAMT03550"
"1",1695069429940,"18/09/2023 20:37:09",1695055029940,-4,"18/09/2023 12:37:09",142246,8,"questionnaire-79c5",NA,31722878,9376769,NA,"complete","cgxdjm","33FOTY3KESKYKOAHQWTYZ5DR7FFC1R","computer","Desktop or Laptop","Windows 10","Chrome 116.0.0.0","1366x768","1366x619",NA,NA,0,"ARI",2,"In","CDBEAFKGJHI",NA,"Somewhat true","2","Certainly true","3","Somewhat true","2","Certainly true","3","Somewhat true","2","Certainly true","3","Somewhat true","2","SUPAMT23519"
"1",1695091368984,"19/09/2023 02:42:48",1695076968984,-4,"18/09/2023 18:42:48",142246,8,"questionnaire-79c5",NA,31722975,9376799,NA,"complete","uqmpvw","3CTOC39K3DPZ3OVPP4RTNJHZ0KFJ7Y","computer","Desktop or Laptop","Windows 10","Chrome 116.0.0.0","1536x864","1536x715",NA,NA,0,"ARI",2,"In","DECFBGAHKIJ",NA,"Somewhat true","2","Certainly true","3","Somewhat true","2","Not true","1","Not true","1","Somewhat true","2","Not true","1","SUPAMT06162"
"1",1695098566185,"19/09/2023 04:42:46",1695076966185,-6,"18/09/2023 16:42:46",142246,8,"questionnaire-79c5",NA,31722987,9376806,NA,"complete","qvzqaz","3PXX5PX6L3XB47VB8FQWZM0CS33ABH","computer","Desktop or Laptop","Windows 10","Chrome 116.0.0.0","1366x768","1366x651",NA,NA,0,"ARI",2,"In","EFDGCHBIAJK",NA,"Somewhat true","2","Certainly true","3","Somewhat true","2","Somewhat true","2","Certainly true","3","Certainly true","3","Certainly true","3","SUPAMT57557"
"1",1695091815833,"19/09/2023 02:50:15",1695077415833,-4,"18/09/2023 18:50:15",142246,8,"questionnaire-79c5",NA,31723108,9376854,NA,"complete","fcocsc","3DHE4R9OC2AIQL8IBMPVUF8BWS3G2X","computer","Desktop or Laptop","Windows 10","Chrome 116.0.0.0","1366x768","1366x619",NA,NA,0,"ARI",2,"In","GHFIEJDKCAB",NA,"Somewhat true","2","Somewhat true","2","Somewhat true","2","Somewhat true","2","Somewhat true","2","Somewhat true","2","Somewhat true","2","SUPAMT34408"
"1",1695070245510,"18/09/2023 20:50:45",1695055845510,-4,"18/09/2023 12:50:45",142246,8,"questionnaire-79c5",NA,31723134,9376907,NA,"complete","txqrcg","3NJM2BJS42511GTJBY4O01VP9A5PCL","computer","Desktop or Laptop","Windows 10","Chrome 115.0.0.0","1366x768","1366x619",NA,NA,0,"ARI",2,"In","HIGJFKEADBC",NA,"Somewhat true","2","Certainly true","3","Somewhat true","2","Certainly true","3","Somewhat true","2","Certainly true","3","Somewhat true","2","SUPAMT92668"
"1",1695080887059,"18/09/2023 23:48:07",1695066487059,-4,"18/09/2023 15:48:07",142246,8,"questionnaire-79c5",NA,31723173,9376834,NA,"complete","ieqsbq","30X31N5D69PALTCDJ1CRPBACXDZSAJ","computer","Desktop or Laptop","Windows 10","Chrome 115.0.0.0","1536x864","1536x715",NA,NA,0,"ARI",2,"In","FGEHDICJBKA",NA,"Somewhat true","2","Certainly true","3","Somewhat true","2","Not true","1","Somewhat true","2","Certainly true","3","Somewhat true","2","SUPAMT06248"
"1",1695070421292,"18/09/2023 20:53:41",1695056021292,-4,"18/09/2023 12:53:41",142246,8,"questionnaire-79c5",NA,31723183,9376939,NA,"complete","kkueiz","3A1COHJ8NPU7CW5IB9GEP6XFXS88HR","computer","Desktop or Laptop","Windows 10","Chrome 116.0.0.0","1024x768","1024x651",NA,NA,0,"ARI",2,"In","IJHKGAFBECD",NA,"Not true","1","Not true","1","Not true","1","Not true","1","Not true","1","Not true","1","Not true","1","SUPAMT33361"
"1",1695070247606,"18/09/2023 20:50:47",1695055847606,-4,"18/09/2023 12:50:47",142246,8,"questionnaire-79c5",NA,31723199,9376941,NA,"complete","adyhqs","3GS6S824SWWACTNBCARX86XX2WXNWE","computer","Desktop or Laptop","Windows 10","Chrome 116.0.0.0","1366x768","1366x619",NA,NA,0,"ARI",2,"In","JKIAHBGCFDE",NA,"Somewhat true","2","Somewhat true","2","Somewhat true","2","Somewhat true","2","Somewhat true","2","Somewhat true","2","Somewhat true","2","SUPAMT92026"
"1",1695071844020,"18/09/2023 21:17:24",1695057444020,-4,"18/09/2023 13:17:24",142246,8,"questionnaire-79c5",NA,31723684,9377069,NA,"complete","civrep","3QECW5O0KN0EUNDBD5Q0R5QC6W2T5K","computer","Desktop or Laptop","Windows 10","Chrome 116.0.0.0","1366x768","1366x619",NA,NA,0,"ARI",2,"In","KAJBICHDGEF",NA,"Not true","1","Somewhat true","2","Not true","1","Not true","1","Somewhat true","2","Not true","1","Not true","1","SUPAMT03784"
"1",1695073231127,"18/09/2023 21:40:31",1695058831127,-4,"18/09/2023 13:40:31",142246,8,"questionnaire-79c5",NA,31724149,9377177,NA,"complete","dxwzix","3AMYWKA6YHLU0Z8HM7E6P1YP46D6OJ","computer","Desktop or Laptop","Windows 10","Chrome 117.0.0.0","1364x768","1364x619",NA,NA,0,"ARI",2,"In","ABKCJDIEHFG",NA,"Not true","1","Somewhat true","2","Somewhat true","2","Not true","1","Somewhat true","2","Somewhat true","2","Somewhat true","2","SUPAMT56747"
"1",1695077918984,"18/09/2023 22:58:38",1695063518984,-4,"18/09/2023 14:58:38",142246,8,"questionnaire-79c5",NA,31725183,9377401,NA,"complete","iejsmz","3M0NZ3JDP7XAGZMAJXFIDTRTRSLZ53","computer","Desktop or Laptop","Windows 10","Chrome 116.0.0.0","1366x768","1366x619",NA,NA,0,"ARI",2,"In","BCADKEJFIGH",NA,"Not true","1","Somewhat true","2","Certainly true","3","Somewhat true","2","Somewhat true","2","Certainly true","3","Somewhat true","2","SUPAMT45811"
"1",1695106003609,"19/09/2023 06:46:43",1695091603609,-4,"18/09/2023 22:46:43",142246,8,"questionnaire-79c5",NA,31726240,9380359,NA,"complete","hkdnml","31LVTDXBLD9FGX34131C8FLR426RLW","computer","Desktop or Laptop","Windows 10","Chrome 116.0.0.0","1364x768","1364x619",NA,NA,0,"ARI",2,"In","CDBEAFKGJHI",NA,"Not true","1","Not true","1","Somewhat true","2","Somewhat true","2","Somewhat true","2","Somewhat true","2","Somewhat true","2","SUPAMT46039"
"1",1695088595945,"19/09/2023 01:56:35",1695070595945,-5,"18/09/2023 15:56:35",142246,8,"questionnaire-79c5",NA,31726321,9380744,NA,"complete","iymwci","3R9WASFE25F2IWFZP9SRZ5I6GN4ZFT","computer","Desktop or Laptop","Mac OS 10.15.7","Chrome 116.0.0.0","1680x1050","1429x852",NA,NA,0,"ARI",2,"In","DECFBGAHKIJ",NA,"Somewhat true","2","Somewhat true","2","Not true","1","Somewhat true","2","Not true","1","Not true","1","Not true","1","SUPAMT05688"
"1",1695099315588,"19/09/2023 04:55:15",1695081315588,-5,"18/09/2023 18:55:15",142246,8,"questionnaire-79c5",NA,31727815,9382280,NA,"rejected - time limit reached","","","computer","Desktop or Laptop","Windows 10","Chrome 116.0.0.0","1536x864","1536x715",NA,NA,0,"ARI",2,"In","EFDGCHBIAJK",NA,"Somewhat true","2","Not true","1","Not true","1","Not true","1","Somewhat true","2","Not true","1","Not true","1","SUPAMT09500"
"1",1695095980594,"19/09/2023 03:59:40",1695081580594,-4,"18/09/2023 19:59:40",142246,8,"questionnaire-79c5",NA,31727860,9382414,NA,"complete","wlsvkc","","computer","Desktop or Laptop","Windows 10","Chrome 116.0.0.0","1364x768","1515x687",NA,NA,0,"ARI",2,"In","FGEHDICJBKA",NA,"Not true","1","Not true","1","Not true","1","Somewhat true","2","Not true","1","Not true","1","Somewhat true","2","SUPAMT06323"
"1",1695096807262,"19/09/2023 04:13:27",1695082407262,-4,"18/09/2023 20:13:27",142246,8,"questionnaire-79c5",NA,31727936,9382460,NA,"complete","wingzd","3K2755HG5Y2ZFVA3XR3U8DZ3TQ2DFN","computer","Desktop or Laptop","Windows 10","Chrome 116.0.0.0","1280x1024","1280x875",NA,NA,0,"ARI",2,"In","GHFIEJDKCAB",NA,"Somewhat true","2","Not true","1","Somewhat true","2","Somewhat true","2","Certainly true","3","Somewhat true","2","Somewhat true","2","SUPAMT93511"
"1",1695406162015,"22/09/2023 18:09:22",1695380962015,-7,"22/09/2023 04:09:22",142246,8,"questionnaire-79c5",NA,31795005,9403868,NA,"complete","fkzkvv","3S3AMIZX304SCJQT6PDT07E0WBBDC9","computer","Desktop or Laptop","Windows 10","Chrome 109.0.0.0","1280x1024","1280x881",NA,NA,0,"ARI",2,"In","IJHKGAFBECD",NA,"Not true","1","Somewhat true","2","Certainly true","3","Not true","1","Not true","1","Not true","1","Somewhat true","2","SUPAMT59227"
"1",1695395216075,"22/09/2023 15:06:56",1695380816075,-4,"22/09/2023 07:06:56",142246,8,"questionnaire-79c5",NA,31795374,9404069,NA,"complete","haoiff","3NLZY2D53VOF4WO4OOCC3PBM9Z9QL2","computer","Desktop or Laptop","Windows 10","Chrome 116.0.0.0","1280x1024","1280x875",NA,NA,0,"ARI",2,"In","JKIAHBGCFDE",NA,"Somewhat true","2","Certainly true","3","Somewhat true","2","Somewhat true","2","Somewhat true","2","Certainly true","3","Somewhat true","2","SUPAMT23580"
"1",1695395857328,"22/09/2023 15:17:37",1695381457328,-4,"22/09/2023 07:17:37",142246,8,"questionnaire-79c5",NA,31795656,9404166,NA,"complete","bcooxv","3KGTPGBS63K1V39DVRECYU926LW2U4","computer","Desktop or Laptop","Windows 10","Chrome 116.0.0.0","1366x768","1366x619",NA,NA,0,"ARI",2,"In","KAJBICHDGEF",NA,"Somewhat true","2","Certainly true","3","Somewhat true","2","Certainly true","3","Somewhat true","2","Certainly true","3","Somewhat true","2","SUPAMT05707"
"1",1695399644393,"22/09/2023 16:20:44",1695385244393,-4,"22/09/2023 08:20:44",142246,8,"questionnaire-79c5",NA,31796452,9404432,NA,"complete","kzonkq","","computer","Desktop or Laptop","Windows 10","Chrome 116.0.0.0","1364x768","1364x619",NA,NA,0,"ARI",2,"In","CDBEAFKGJHI",NA,"Somewhat true","2","Not true","1","Somewhat true","2","Somewhat true","2","Somewhat true","2","Somewhat true","2","Not true","1","SUPAMT25764"
"1",1695399715170,"22/09/2023 16:21:55",1695385315170,-4,"22/09/2023 08:21:55",142246,8,"questionnaire-79c5",NA,31796484,9404493,NA,"complete","uvtrlq","","computer","Desktop or Laptop","Windows 10","Chrome 116.0.0.0","1364x768","1364x619",NA,NA,0,"ARI",2,"In","DECFBGAHKIJ",NA,"Somewhat true","2","Not true","1","Somewhat true","2","Somewhat true","2","Somewhat true","2","Somewhat true","2","Not true","1","SUPAMT23130"
"1",1695410728121,"22/09/2023 19:25:28",1695385528121,-7,"22/09/2023 05:25:28",142246,8,"questionnaire-79c5",NA,31796561,9404507,NA,"complete","ggtbjv","3LOZAJ85YJCTC7380WPZI18603HX2V","computer","Desktop or Laptop","Windows 10","Chrome 117.0.0.0","1366x768","1517x687",NA,NA,0,"ARI",2,"In","EFDGCHBIAJK",NA,"Somewhat true","2","Certainly true","3","Somewhat true","2","Not true","1","Somewhat true","2","Somewhat true","2","Not true","1","SUPAMT25665"
"1",1695400005117,"22/09/2023 16:26:45",1695385605117,-4,"22/09/2023 08:26:45",142246,8,"questionnaire-79c5",NA,31796611,9404631,NA,"complete","unazkd","32Z9ZLUT1RJAXOSYIQ5AMSNFDIZOH4","computer","Desktop or Laptop","Windows 10","Chrome 114.0.0.0","1366x768","1366x625",NA,NA,0,"ARI",2,"In","HIGJFKEADBC",NA,"Somewhat true","2","Somewhat true","2","Certainly true","3","Somewhat true","2","Not true","1","Certainly true","3","Somewhat true","2","SUPAMT61006"
"1",1695400279213,"22/09/2023 16:31:19",1695385879213,-4,"22/09/2023 08:31:19",142246,8,"questionnaire-79c5",NA,31796689,9404596,NA,"complete","dwsxfz","3FDJT1UU7A7FR4NOJWC8QE3GO4Y5KK","computer","Desktop or Laptop","Windows 10","Chrome 116.0.0.0","1440x900","1440x783",NA,NA,0,"ARI",2,"In","GHFIEJDKCAB",NA,"Somewhat true","2","Certainly true","3","Certainly true","3","Certainly true","3","Certainly true","3","Certainly true","3","Certainly true","3","SUPAMT47263"
"1",1695400276328,"22/09/2023 16:31:16",1695385876328,-4,"22/09/2023 08:31:16",142246,8,"questionnaire-79c5",NA,31796712,9404676,NA,"complete","kcdsln","3VZLGYJEYR9JII6KP3YD5CIDLCKXZ7","computer","Desktop or Laptop","Windows 10","Chrome 114.0.0.0","1366x768","1366x598",NA,NA,0,"ARI",2,"In","IJHKGAFBECD",NA,"Somewhat true","2","Certainly true","3","Not true","1","Somewhat true","2","Somewhat true","2","Certainly true","3","Somewhat true","2","SUPAMT82878"
"1",1695400406151,"22/09/2023 16:33:26",1695386006151,-4,"22/09/2023 08:33:26",142246,8,"questionnaire-79c5",NA,31796741,9404727,NA,"complete","zaoezl","33LKR6A5KKJF65CSCIOOOFDVV1F1TZ","computer","Desktop or Laptop","Windows 10","Chrome 116.0.0.0","1366x768","1366x619",NA,NA,0,"ARI",2,"In","KAJBICHDGEF",NA,"Somewhat true","2","Not true","1","Somewhat true","2","Somewhat true","2","Certainly true","3","Somewhat true","2","Not true","1","SUPAMT85554"
"1",1695400347061,"22/09/2023 16:32:27",1695385947061,-4,"22/09/2023 08:32:27",142246,8,"questionnaire-79c5",NA,31796805,9404327,NA,"complete","yacnae","351SEKWQS6G5L52KJE7733JCQQLMD8","computer","Desktop or Laptop","Windows 10","Chrome 116.0.0.0","1366x768","1366x619",NA,NA,0,"ARI",2,"In","BCADKEJFIGH",NA,"Somewhat true","2","Not true","1","Somewhat true","2","Certainly true","3","Somewhat true","2","Not true","1","Not true","1","SUPAMT25764"
"1",1695400636020,"22/09/2023 16:37:16",1695386236020,-4,"22/09/2023 08:37:16",142246,8,"questionnaire-79c5",NA,31796817,9404612,NA,"complete","hctqol","3WMOAN2SRHWXX4N6M0M1M4EJVN4VNL","computer","Desktop or Laptop","Windows 10","Chrome 116.0.0.0","1366x768","1366x619",NA,NA,0,"ARI",2,"In","ABKCJDIEHFG",NA,"Somewhat true","2","Certainly true","3","Certainly true","3","Somewhat true","2","Somewhat true","2","Certainly true","3","Somewhat true","2","SUPAMT62253"
"1",1695401447995,"22/09/2023 16:50:47",1695387047995,-4,"22/09/2023 08:50:47",142246,8,"questionnaire-79c5",NA,31797093,9404750,NA,"complete","zjybmi","3TESA3PJ3798PZ8XW76AMT66Z4JMMW","computer","Desktop or Laptop","Windows 10","Chrome 116.0.0.0","1366x768","1366x619",NA,NA,0,"ARI",2,"In","BCADKEJFIGH",NA,"Somewhat true","2","Somewhat true","2","Somewhat true","2","Certainly true","3","Not true","1","Somewhat true","2","Certainly true","3","SUPAMT91381"
"1",1695401513328,"22/09/2023 16:51:53",1695387113328,-4,"22/09/2023 08:51:53",142246,8,"questionnaire-79c5",NA,31797115,9404767,NA,"complete","nucanb","3TE3O8573679FBHWRXJ7TJMIZM1R2Y","computer","Desktop or Laptop","Windows 10","Chrome 116.0.0.0","1366x768","1366x619",NA,NA,0,"ARI",2,"In","CDBEAFKGJHI",NA,"Somewhat true","2","Not true","1","Somewhat true","2","Certainly true","3","Certainly true","3","Somewhat true","2","Somewhat true","2","SUPAMT80126"
"1",1695401515763,"22/09/2023 16:51:55",1695387115763,-4,"22/09/2023 08:51:55",142246,8,"questionnaire-79c5",NA,31797116,9404778,NA,"complete","hptzpj","34HJIJKLPBVBBWD04V75NV8J466V4N","computer","Desktop or Laptop","Windows 10","Chrome 117.0.0.0","1366x768","1366x619",NA,NA,0,"ARI",2,"In","DECFBGAHKIJ",NA,"Somewhat true","2","Not true","1","Somewhat true","2","Not true","1","Somewhat true","2","Not true","1","Somewhat true","2","SUPAMT09275"
"1",1695401995606,"22/09/2023 16:59:55",1695387595606,-4,"22/09/2023 08:59:55",142246,8,"questionnaire-79c5",NA,31797256,9404842,NA,"complete","trxyfg","3TPWUS5F8F0RLPQKNKIJSV3L3SRWCD","computer","Desktop or Laptop","Windows 10","Chrome 116.0.0.0","1366x768","1366x619",NA,NA,0,"ARI",2,"In","GHFIEJDKCAB",NA,"Somewhat true","2","Certainly true","3","Somewhat true","2","Certainly true","3","Somewhat true","2","Somewhat true","2","Certainly true","3","SUPAMT93631"
"1",1695402174240,"22/09/2023 17:02:54",1695387774240,-4,"22/09/2023 09:02:54",142246,8,"questionnaire-79c5",NA,31797303,9404590,NA,"complete","hzapwi","3CN4LGXD53NSFQ8596UPUUCDMNBY42","computer","Desktop or Laptop","Windows 10","Chrome 115.0.0.0","1364x768","1364x651",NA,NA,0,"ARI",2,"In","FGEHDICJBKA",NA,"Somewhat true","2","Not true","1","Somewhat true","2","Somewhat true","2","Somewhat true","2","Not true","1","Not true","1","SUPAMT67727"
"1",1695402361225,"22/09/2023 17:06:01",1695387961225,-4,"22/09/2023 09:06:01",142246,8,"questionnaire-79c5",NA,31797373,9404712,NA,"complete","gybsfz","3SKRO2GZ77QG3MM5I9AWNOQZCOT1KY","computer","Desktop or Laptop","Windows 10","Chrome 116.0.0.0","1366x768","1366x651",NA,NA,0,"ARI",2,"In","EFDGCHBIAJK",NA,"Somewhat true","2","Not true","1","Not true","1","Not true","1","Not true","1","Not true","1","Somewhat true","2","SUPAMT83502"
"1",1695402630546,"22/09/2023 17:10:30",1695388230546,-4,"22/09/2023 09:10:30",142246,8,"questionnaire-79c5",NA,31797443,9404830,NA,"complete","jnuwvp","3PB5A5BD015PCM5OHY6QQ6PJ8TC7GY","computer","Desktop or Laptop","Windows 10","Chrome 116.0.0.0","1366x768","1366x619",NA,NA,0,"ARI",2,"In","FGEHDICJBKA",NA,"Somewhat true","2","Somewhat true","2","Certainly true","3","Somewhat true","2","Certainly true","3","Certainly true","3","Not true","1","SUPAMT40213"
"1",1695402814012,"22/09/2023 17:13:34",1695388414012,-4,"22/09/2023 09:13:34",142246,8,"questionnaire-79c5",NA,31797510,9404910,NA,"complete","lgvjad","3FPRZHYEP46QT0UW4H2MDQGDQ6L3VL","computer","Desktop or Laptop","Windows 10","Chrome 116.0.0.0","1366x768","1366x619",NA,NA,0,"ARI",2,"In","HIGJFKEADBC",NA,"Somewhat true","2","Certainly true","3","Certainly true","3","Somewhat true","2","Certainly true","3","Somewhat true","2","Somewhat true","2","SUPAMT70931"
"1",1695402766221,"22/09/2023 17:12:46",1695388366221,-4,"22/09/2023 09:12:46",142246,8,"questionnaire-79c5",NA,31797589,9404977,NA,"complete","tswwua","37C0GNLMHL23W2HSWY0QE7MQ0QC6DO","computer","Desktop or Laptop","Windows 10","Chrome 115.0.0.0","1366x768","1366x619",NA,NA,0,"ARI",2,"In","JKIAHBGCFDE",NA,"Somewhat true","2","Not true","1","Somewhat true","2","Certainly true","3","Not true","1","Somewhat true","2","Somewhat true","2","SUPAMT06732"
"1",1695403694096,"22/09/2023 17:28:14",1695389294096,-4,"22/09/2023 09:28:14",142246,8,"questionnaire-79c5",NA,31797794,9404922,NA,"complete","bidinb","31EUONYN212FFPNINFME1TEOLXAVO1","computer","Desktop or Laptop","Windows 10","Chrome 117.0.0.0","1280x800","1280x651",NA,NA,0,"ARI",2,"In","IJHKGAFBECD",NA,"Certainly true","3","Somewhat true","2","Certainly true","3","Somewhat true","2","Certainly true","3","Somewhat true","2","Certainly true","3","SUPAMT00235"
"1",1695425409743,"22/09/2023 23:30:09",1695411009743,-4,"22/09/2023 15:30:09",142246,8,"questionnaire-79c5",NA,31797820,9404538,NA,"complete","khavxn","","computer","Desktop or Laptop","Windows 10","Chrome 116.0.0.0","1364x768","1364x619",NA,NA,0,"ARI",2,"In","ABKCJDIEHFG",NA,"Somewhat true","2","Not true","1","Somewhat true","2","Somewhat true","2","Somewhat true","2","Somewhat true","2","Not true","1","SUPAMT93631"
"1",1695403949639,"22/09/2023 17:32:29",1695389549639,-4,"22/09/2023 09:32:29",142246,8,"questionnaire-79c5",NA,31797886,9405048,NA,"complete","qnnmgi","3TVSS0C0E7Z876SV96D9H53PRETWTY","computer","Desktop or Laptop","Windows 10","Chrome 116.0.0.0","1366x768","1366x651",NA,NA,0,"ARI",2,"In","DECFBGAHKIJ",NA,"Certainly true","3","Somewhat true","2","Somewhat true","2","Certainly true","3","Somewhat true","2","Certainly true","3","Somewhat true","2","SUPAMT07686"
"1",1695425675883,"22/09/2023 23:34:35",1695411275883,-4,"22/09/2023 15:34:35",142246,8,"questionnaire-79c5",NA,31797932,9404571,NA,"rejected - time limit reached","","","computer","Desktop or Laptop","Windows 10","Chrome 116.0.0.0","1364x768","1364x619",NA,NA,0,"ARI",2,"In","BCADKEJFIGH",NA,"Somewhat true","2","Not true","1","Somewhat true","2","Somewhat true","2","Somewhat true","2","Somewhat true","2","Not true","1","SUPAMT00235"
"1",1695404229077,"22/09/2023 17:37:09",1695389829077,-4,"22/09/2023 09:37:09",142246,8,"questionnaire-79c5",NA,31798035,9404732,NA,"rejected - time limit reached","","","computer","Desktop or Laptop","Windows 10","Chrome 116.0.0.0","1364x768","1364x619",NA,NA,0,"ARI",2,"In","CDBEAFKGJHI",NA,"Somewhat true","2","Not true","1","Somewhat true","2","Somewhat true","2","Somewhat true","2","Somewhat true","2","Not true","1","SUPAMT06732"
"1",1695404458623,"22/09/2023 17:40:58",1695390058623,-4,"22/09/2023 09:40:58",142246,8,"questionnaire-79c5",NA,31798122,9404744,NA,"complete","kpdlnx","3ZR9AIQJUH8VIVCK1YJG22ITAAX408","computer","Desktop or Laptop","Windows 10","Chrome 116.0.0.0","1366x768","1366x651",NA,NA,0,"ARI",2,"In","GHFIEJDKCAB",NA,"Certainly true","3","Somewhat true","2","Certainly true","3","Not true","1","Certainly true","3","Somewhat true","2","Certainly true","3","SUPAMT29912"
"1",1695404474642,"22/09/2023 17:41:14",1695390074642,-4,"22/09/2023 09:41:14",142246,8,"questionnaire-79c5",NA,31798128,9405098,NA,"complete","wfyrfl","3B837J3LDUV2KAYULCYDK1ZMXG0RS1","computer","Desktop or Laptop","Windows 10","Chrome 116.0.0.0","1366x768","1366x651",NA,NA,0,"ARI",2,"In","IJHKGAFBECD",NA,"Somewhat true","2","Not true","1","Somewhat true","2","Certainly true","3","Somewhat true","2","Certainly true","3","Somewhat true","2","SUPAMT19818"
"1",1695404524941,"22/09/2023 17:42:04",1695390124941,-4,"22/09/2023 09:42:04",142246,8,"questionnaire-79c5",NA,31798148,9405105,NA,"complete","sqojza","39GHHAVOMLQ2K1D6N6TMK7XP9JE4JQ","computer","Desktop or Laptop","Mac OS 10.15.7","Chrome 116.0.0.0","1440x900","1440x815",NA,NA,0,"ARI",2,"In","JKIAHBGCFDE",NA,"Somewhat true","2","Somewhat true","2","Not true","1","Not true","1","Not true","1","Not true","1","Not true","1","SUPAMT57106"
"1",1695405048162,"22/09/2023 17:50:48",1695390648162,-4,"22/09/2023 09:50:48",142246,8,"questionnaire-79c5",NA,31798345,9405092,NA,"complete","nlupwx","308Q0PEVBEC7MWZCMJ4DPET5IW2I9N","computer","Desktop or Laptop","Windows 10","Chrome 116.0.0.0","1280x1024","1280x875",NA,NA,0,"ARI",2,"In","HIGJFKEADBC",NA,"Somewhat true","2","Somewhat true","2","Not true","1","Not true","1","Somewhat true","2","Somewhat true","2","Somewhat true","2","SUPAMT32911"
"1",1695426716582,"22/09/2023 23:51:56",1695412316582,-4,"22/09/2023 15:51:56",142246,8,"questionnaire-79c5",NA,31798364,9405054,NA,"complete","octrgp","3VELCLL3GQI5N0URHYJZ7BYU4SM1F6","computer","Desktop or Laptop","Windows 10","Chrome 116.0.0.0","1366x768","1366x619",NA,NA,0,"ARI",2,"In","EFDGCHBIAJK",NA,"Somewhat true","2","Not true","1","Somewhat true","2","Certainly true","3","Somewhat true","2","Somewhat true","2","Not true","1","SUPAMT18856"
"1",1695409361289,"22/09/2023 19:02:41",1695391361289,-5,"22/09/2023 09:02:41",142246,8,"questionnaire-79c5",NA,31798673,9405056,NA,"complete","vbudgi","3YJ6NA41JHFO9UZPLQLAN58K0F9PJ1","computer","Desktop or Laptop","Windows 10","Chrome 116.0.0.0","1366x768","1366x619",NA,NA,0,"ARI",2,"In","FGEHDICJBKA",NA,"Somewhat true","2","Not true","1","Somewhat true","2","Not true","1","Somewhat true","2","Not true","1","Not true","1","SUPAMT05565"
"1",1695421463475,"22/09/2023 22:24:23",1695407063475,-4,"22/09/2023 14:24:23",142246,8,"questionnaire-79c5",NA,31799531,9405373,NA,"complete","gfuxqv","3KV0LJBBH8KZMFLP1F2R8S0G5R4RMB","computer","Desktop or Laptop","Windows 10","Chrome 117.0.0.0","1680x1050","1680x901",NA,NA,0,"ARI",2,"In","KAJBICHDGEF",NA,"Somewhat true","2","Somewhat true","2","Not true","1","Certainly true","3","Somewhat true","2","Certainly true","3","Somewhat true","2","SUPAMT87343"
"1",1695428670144,"23/09/2023 00:24:30",1695414270144,-4,"22/09/2023 16:24:30",142246,8,"questionnaire-79c5",NA,31799584,9405370,NA,"complete","ktjurh","3NKQQ8O3944OYD7TSGYTUD063C3DU6","computer","Desktop or Laptop","Windows 10","Chrome 116.0.0.0","1364x768","1364x619",NA,NA,0,"ARI",2,"In","ABKCJDIEHFG",NA,"Somewhat true","2","Not true","1","Somewhat true","2","Somewhat true","2","Somewhat true","2","Somewhat true","2","Not true","1","SUPAMT57988"
"1",1695408110594,"22/09/2023 18:41:50",1695393710594,-4,"22/09/2023 10:41:50",142246,8,"questionnaire-79c5",NA,31799910,9405430,NA,"complete","fwxnzj","33LK57MYLZ4BM1KLVTSQ641L6Y8ZST","computer","Desktop or Laptop","Windows 10","Chrome 116.0.0.0","1366x768","1366x619",NA,NA,0,"ARI",2,"In","BCADKEJFIGH",NA,"Somewhat true","2","Certainly true","3","Somewhat true","2","Somewhat true","2","Not true","1","Somewhat true","2","Somewhat true","2","SUPAMT36650"
"1",1695409958733,"22/09/2023 19:12:38",1695395558733,-4,"22/09/2023 11:12:38",142246,8,"questionnaire-79c5",NA,31801129,9405624,NA,"complete","niedbe","3ZPBJO59KV0JTR19SHRUBYBG95QHD0","computer","Desktop or Laptop","Windows 10","Chrome 117.0.0.0","1366x768","1366x619",NA,NA,0,"ARI",2,"In","EFDGCHBIAJK",NA,"Somewhat true","2","Certainly true","3","Somewhat true","2","Somewhat true","2","Certainly true","3","Certainly true","3","Somewhat true","2","SUPAMT63407"
"1",1695410320131,"22/09/2023 19:18:40",1695395920131,-4,"22/09/2023 11:18:40",142246,8,"questionnaire-79c5",NA,31801168,9405561,NA,"complete","kphdnf","3NS0A6KXCA78WWBU0TY9HQIIINKZGF","computer","Desktop or Laptop","Windows 10","Chrome 116.0.0.0","1280x1024","1280x875",NA,NA,0,"ARI",2,"In","DECFBGAHKIJ",NA,"Somewhat true","2","Somewhat true","2","Not true","1","Not true","1","Not true","1","Somewhat true","2","Somewhat true","2","SUPAMT87722"
"1",1695410925538,"22/09/2023 19:28:45",1695396525538,-4,"22/09/2023 11:28:45",142246,8,"questionnaire-79c5",NA,31801644,9405767,NA,"complete","uzdhmk","3DBQWDE4YCXGZA8RG94OI6KKIZD5NZ","computer","Desktop or Laptop","Windows 10","Chrome 116.0.0.0","1366x768","1366x651",NA,NA,0,"ARI",2,"In","GHFIEJDKCAB",NA,"Somewhat true","2","Not true","1","Not true","1","Not true","1","Somewhat true","2","Somewhat true","2","Somewhat true","2","SUPAMT61489"
"1",1695411723708,"22/09/2023 19:42:03",1695397323708,-4,"22/09/2023 11:42:03",142246,8,"questionnaire-79c5",NA,31801795,9405708,NA,"complete","xinuil","3TVSS0C0E7Z876SV96D9H53PRFTTWX","computer","Desktop or Laptop","Windows 10","Chrome 116.0.0.0","1366x768","1366x562",NA,NA,0,"ARI",2,"In","FGEHDICJBKA",NA,"Somewhat true","2","Certainly true","3","Certainly true","3","Somewhat true","2","Somewhat true","2","Certainly true","3","Somewhat true","2","SUPAMT16834"
"1",1695411796099,"22/09/2023 19:43:16",1695397396099,-4,"22/09/2023 11:43:16",142246,8,"questionnaire-79c5",NA,31801834,9405819,NA,"complete","zbllhb","3X1FV8S5J3QRNC6KZW96WK5MUB5GVL","computer","Desktop or Laptop","Windows 10","Chrome 116.0.0.0","1366x768","1366x619",NA,NA,0,"ARI",2,"In","HIGJFKEADBC",NA,"Somewhat true","2","Certainly true","3","Somewhat true","2","Certainly true","3","Somewhat true","2","Certainly true","3","Somewhat true","2","SUPAMT73880"
"1",1695413494496,"22/09/2023 20:11:34",1695399094496,-4,"22/09/2023 12:11:34",142246,8,"questionnaire-79c5",NA,31802253,9405903,NA,"complete","aaikqk","388U7OUMFD02J1EICAFTAVT32PQ0RY","computer","Desktop or Laptop","Windows 10","Chrome 116.0.0.0","1280x1024","1280x875",NA,NA,0,"ARI",2,"In","JKIAHBGCFDE",NA,"Not true","1","Not true","1","Not true","1","Not true","1","Not true","1","Not true","1","Not true","1","SUPAMT95208"
"1",1695414301296,"22/09/2023 20:25:01",1695399901296,-4,"22/09/2023 12:25:01",142246,8,"questionnaire-79c5",NA,31802418,9405945,NA,"complete","lhpjpk","3HPZF4IVNSSVAULK2L07DSO1E1ZCY2","computer","Desktop or Laptop","Windows 10","Chrome 115.0.0.0","1280x1024","1280x875",NA,NA,0,"ARI",2,"In","KAJBICHDGEF",NA,"Somewhat true","2","Somewhat true","2","Not true","1","Not true","1","Not true","1","Somewhat true","2","Somewhat true","2","SUPAMT79308"
"1",1695417947646,"22/09/2023 21:25:47",1695399947646,-5,"22/09/2023 11:25:47",142246,8,"questionnaire-79c5",NA,31802432,9405946,NA,"complete","uipsnm","337RC3OW0B1794KLAN6M9CAUQTDLVK","computer","Desktop or Laptop","Windows 10","Chrome 116.0.0.0","1536x864","1255x708",NA,NA,0,"ARI",2,"In","ABKCJDIEHFG",NA,"Not true","1","Not true","1","Not true","1","Not true","1","Not true","1","Not true","1","Not true","1","SUPAMT50322"
"1",1695415870528,"22/09/2023 20:51:10",1695401470528,-4,"22/09/2023 12:51:10",142246,8,"questionnaire-79c5",NA,31802776,9406007,NA,"complete","sqszbv","3JW0YLFXRZF0ZNWP4BIK4PAOV9GWWV","computer","Desktop or Laptop","Windows 10","Chrome 116.0.0.0","1280x1024","1280x875",NA,NA,0,"ARI",2,"In","CDBEAFKGJHI",NA,"Somewhat true","2","Not true","1","Somewhat true","2","Certainly true","3","Somewhat true","2","Not true","1","Somewhat true","2","SUPAMT17949"
"1",1695415911154,"22/09/2023 20:51:51",1695401511154,-4,"22/09/2023 12:51:51",142246,8,"questionnaire-79c5",NA,31802797,9406002,NA,"complete","pwwafd","3HPZF4IVNSSVAULK2L07DSO1E1YCY1","computer","Desktop or Laptop","Windows 10","Chrome 116.0.0.0","1280x1024","1280x875",NA,NA,0,"ARI",2,"In","BCADKEJFIGH",NA,"Somewhat true","2","Somewhat true","2","Certainly true","3","Somewhat true","2","Somewhat true","2","Certainly true","3","Certainly true","3","SUPAMT96230"
"1",1695418416000,"22/09/2023 21:33:36",1695404016000,-4,"22/09/2023 13:33:36",142246,8,"questionnaire-79c5",NA,31803306,9406053,NA,"complete","chbpeb","3SITXWYCN18N0K34JPIAJUBAUAJXBO","computer","Desktop or Laptop","Windows 10","Chrome 115.0.0.0","1366x768","1366x619",NA,NA,0,"ARI",2,"In","DECFBGAHKIJ",NA,"Somewhat true","2","Not true","1","Somewhat true","2","Not true","1","Not true","1","Not true","1","Somewhat true","2","SUPAMT11139"
"1",1695426412269,"22/09/2023 23:46:52",1695412012269,-4,"22/09/2023 15:46:52",142246,8,"questionnaire-79c5",NA,31804813,9406575,NA,"complete","ykirci","3TAYZSBPLR7LGQH96MJCJTRELQI2SZ","computer","Desktop or Laptop","Chromium OS 14541.0.0","Chrome 116.0.0.0","1920x1080","1362x1185",NA,NA,0,"ARI",2,"In","EFDGCHBIAJK",NA,"Somewhat true","2","Somewhat true","2","Somewhat true","2","Not true","1","Somewhat true","2","Somewhat true","2","Somewhat true","2","SUPAMT45247"
"1",1695429060529,"23/09/2023 00:31:00",1695414660529,-4,"22/09/2023 16:31:00",142246,8,"questionnaire-79c5",NA,31805163,9406724,NA,"complete","nkbllc","38F71OA9GZV2JPGGAK2XR3MX25JMF5","computer","Desktop or Laptop","Windows 10","Chrome 116.0.0.0","1280x1024","1280x875",NA,NA,0,"ARI",2,"In","GHFIEJDKCAB",NA,"Somewhat true","2","Somewhat true","2","Not true","1","Not true","1","Somewhat true","2","Somewhat true","2","Somewhat true","2","SUPAMT67003"
"1",1695451624928,"23/09/2023 06:47:04",1695437224928,-4,"22/09/2023 22:47:04",142246,8,"questionnaire-79c5",NA,31807257,9407367,NA,"complete","ugnafu","3JAOYWH7VO39CX7I7M1QHULXZ3UL98","computer","Desktop or Laptop","Windows 10","Chrome 117.0.0.0","1280x800","766x633",NA,NA,0,"ARI",2,"In","IJHKGAFBECD",NA,"Not true","1","Not true","1","Somewhat true","2","Somewhat true","2","Not true","1","Somewhat true","2","Not true","1","SUPAMT23161"
"1",1695463253361,"23/09/2023 10:00:53",1695448853361,-4,"23/09/2023 02:00:53",142246,8,"questionnaire-79c5",NA,31807600,9407525,NA,"complete","ovaetw","3QIYRE09Y9GHBS78FM2CFG736N01ND","computer","Desktop or Laptop","Windows 10","Chrome 114.0.0.0","1366x768","1366x625",NA,NA,0,"ARI",2,"In","JKIAHBGCFDE",NA,"Somewhat true","2","Somewhat true","2","Somewhat true","2","Somewhat true","2","Somewhat true","2","Somewhat true","2","Somewhat true","2","SUPAMT94497"
"1",1695479175846,"23/09/2023 14:26:15",1695464775846,-4,"23/09/2023 06:26:15",142246,8,"questionnaire-79c5",NA,31808637,9407693,NA,"complete","srcagv","","computer","Desktop or Laptop","Windows 10","Chrome 116.0.0.0","1364x768","1364x619",NA,NA,0,"ARI",2,"In","KAJBICHDGEF",NA,"Somewhat true","2","Not true","1","Somewhat true","2","Somewhat true","2","Somewhat true","2","Somewhat true","2","Not true","1","SUPAMT28201"
"1",1695481580015,"23/09/2023 15:06:20",1695467180015,-4,"23/09/2023 07:06:20",142246,8,"questionnaire-79c5",NA,31809439,9407715,NA,"complete","idcilz","","computer","Desktop or Laptop","Windows 10","Chrome 116.0.0.0","1364x768","1240x563",NA,NA,0,"ARI",2,"In","ABKCJDIEHFG",NA,"Somewhat true","2","Not true","1","Somewhat true","2","Somewhat true","2","Somewhat true","2","Somewhat true","2","Not true","1","SUPAMT99317"
"1",1695501956240,"23/09/2023 20:45:56",1695476756240,-7,"23/09/2023 06:45:56",142246,8,"questionnaire-79c5",NA,31811664,9408436,NA,"complete","sfrsmh","3LEP4MGT3MZ92EYNSPHYPN8IEWPBDQ","computer","Desktop or Laptop","Windows 10","Chrome 117.0.0.0","1920x1080","1920x963",NA,NA,0,"ARI",2,"In","BCADKEJFIGH",NA,"Certainly true","3","Not true","1","Not true","1","Not true","1","Not true","1","Not true","1","Somewhat true","2","SUPAMT30203"
"1",1695617196877,"25/09/2023 04:46:36",1695591996877,-7,"24/09/2023 14:46:36",142246,8,"questionnaire-79c5",NA,31828973,9411612,NA,"complete","spnlfn","3Z3ZLGNNSOTYOSYFII8C73H59PI3QP","computer","Desktop or Laptop","Windows 10","Chrome 117.0.0.0","1608x805","1600x799",NA,NA,0,"ARI",2,"In","CDBEAFKGJHI",NA,"Not true","1","Not true","1","Not true","1","Not true","1","Not true","1","Not true","1","Not true","1","SUPAMT25745"
"1",1695615345939,"25/09/2023 04:15:45",1695600945939,-4,"24/09/2023 20:15:45",142246,8,"questionnaire-79c5",NA,31829602,9411786,NA,"complete","boxlxb","","computer","Desktop or Laptop","Mac OS 10.15.7","Chrome 117.0.0.0","1680x1050","1030x815",NA,NA,0,"ARI",2,"In","DECFBGAHKIJ",NA,"Somewhat true","2","Not true","1","Not true","1","Not true","1","Not true","1","Not true","1","Not true","1","SUPAMT84283"
"1",1695632882880,"25/09/2023 09:08:02",1695618482880,-4,"25/09/2023 01:08:02",142246,8,"questionnaire-79c5",NA,31830671,9412099,NA,"complete","gbcgww","386CSBG1O5LXLBLX1K6AE6TPJIU6QC","computer","Desktop or Laptop","Windows 10","Chrome 117.0.0.0","1536x864","1536x747",NA,NA,0,"ARI",2,"In","EFDGCHBIAJK",NA,"Somewhat true","2","Not true","1","Not true","1","Not true","1","Somewhat true","2","Not true","1","Somewhat true","2","SUPAMT78305"
"1",1695650706034,"25/09/2023 14:05:06",1695636306034,-4,"25/09/2023 06:05:06",142246,8,"questionnaire-79c5",NA,31834171,9412972,NA,"complete","njcnhh","3EJPLAJKESF6Z3MOOGPN5Z5TOL9Z6T","computer","Desktop or Laptop","Windows 10","Chrome 116.0.0.0","1366x768","1366x619",NA,NA,0,"ARI",2,"In","GHFIEJDKCAB",NA,"Certainly true","3","Somewhat true","2","Not true","1","Somewhat true","2","Certainly true","3","Somewhat true","2","Certainly true","3","SUPAMT33877"
"1",1695651174393,"25/09/2023 14:12:54",1695636774393,-4,"25/09/2023 06:12:54",142246,8,"questionnaire-79c5",NA,31834867,9412864,NA,"complete","lpeumq","3HVVDCPGTKRCWBNVO7VX22O52ZGYTC","computer","Desktop or Laptop","Windows 10","Chrome 115.0.0.0","1366x768","1366x619",NA,NA,0,"ARI",2,"In","FGEHDICJBKA",NA,"Not true","1","Not true","1","Somewhat true","2","Somewhat true","2","Not true","1","Somewhat true","2","Not true","1","SUPAMT43999"
"1",1695655114092,"25/09/2023 15:18:34",1695640714092,-4,"25/09/2023 07:18:34",142246,8,"questionnaire-79c5",NA,31840399,9414469,NA,"complete","qnystc","3U0SRXB7CJ454X6PDGHRL7PGAVLRNA","computer","Desktop or Laptop","Windows 10","Chrome 115.0.0.0","1366x768","1366x619",NA,NA,0,"ARI",2,"In","HIGJFKEADBC",NA,"Somewhat true","2","Somewhat true","2","Somewhat true","2","Somewhat true","2","Somewhat true","2","Somewhat true","2","Somewhat true","2","SUPAMT62274"
"1",1695655441362,"25/09/2023 15:24:01",1695641041362,-4,"25/09/2023 07:24:01",142246,8,"questionnaire-79c5",NA,31840711,9414472,NA,"complete","ucxynv","3N2BF7Y2VWTMXL7M5AQXUOYAIWDHM3","computer","Desktop or Laptop","Windows 10","Chrome 115.0.0.0","1366x768","1366x619",NA,NA,0,"ARI",2,"In","IJHKGAFBECD",NA,"Somewhat true","2","Somewhat true","2","Somewhat true","2","Somewhat true","2","Somewhat true","2","Somewhat true","2","Somewhat true","2","SUPAMT26790"
"1",1695657925045,"25/09/2023 16:05:25",1695643525045,-4,"25/09/2023 08:05:25",142246,8,"questionnaire-79c5",NA,31841896,9414868,NA,"complete","ekokfm","3FE7TXL1LOM93A2WEIU7OTCD3EZ2Q0","computer","Desktop or Laptop","Windows 10","Chrome 116.0.0.0","1366x768","1366x619",NA,NA,0,"ARI",2,"In","JKIAHBGCFDE",NA,"Somewhat true","2","Somewhat true","2","Certainly true","3","Somewhat true","2","Somewhat true","2","Certainly true","3","Somewhat true","2","SUPAMT12467"
"1",1695679971960,"25/09/2023 22:12:51",1695661971960,-5,"25/09/2023 12:12:51",142246,8,"questionnaire-79c5",NA,31842033,9414882,NA,"complete","agkhcs","3RKNTXVS3SXRJ8A2T0G9R8U6JA9A4X","computer","Desktop or Laptop","Windows 10","Chrome 116.0.0.0","1366x768","1366x619",NA,NA,0,"ARI",2,"In","KAJBICHDGEF",NA,"Somewhat true","2","Not true","1","Somewhat true","2","Certainly true","3","Somewhat true","2","Somewhat true","2","Certainly true","3","SUPAMT06979"
"1",1695663056628,"25/09/2023 17:30:56",1695648656628,-4,"25/09/2023 09:30:56",142246,8,"questionnaire-79c5",NA,31844388,9415297,NA,"complete","utwuoq","3O7L7BFSHKOOHSQTUUKZHSUG97JIEQ","computer","Desktop or Laptop","Windows 8.1","Chrome 109.0.0.0","1366x768","1242x568",NA,NA,0,"ARI",2,"In","BCADKEJFIGH",NA,"Certainly true","3","Certainly true","3","Somewhat true","2","Not true","1","Somewhat true","2","Certainly true","3","Certainly true","3","SUPAMT06491"
"1",1695663354870,"25/09/2023 17:35:54",1695648954870,-4,"25/09/2023 09:35:54",142246,8,"questionnaire-79c5",NA,31844514,9415557,NA,"complete","rtfaed","37FMASSAYIQQAPE9K3I9GKOV6ABIBV","computer","Desktop or Laptop","Windows 10","Chrome 116.0.0.0","1280x1024","1280x875",NA,NA,0,"ARI",2,"In","CDBEAFKGJHI",NA,"Not true","1","Not true","1","Not true","1","Not true","1","Not true","1","Not true","1","Not true","1","SUPAMT82095"
"1",1695684945250,"25/09/2023 23:35:45",1695659745250,-7,"25/09/2023 09:35:45",142246,8,"questionnaire-79c5",NA,31854774,9418053,NA,"complete","kwdftd","3EJJQNKU9X4DU1KEAIMEGNSKOKRHR8","computer","Desktop or Laptop","Windows 10","Chrome 116.0.0.0","1920x1080","946x993",NA,NA,0,"ARI",2,"In","DECFBGAHKIJ",NA,"Somewhat true","2","Not true","1","Not true","1","Not true","1","Not true","1","Not true","1","Somewhat true","2","SUPAMT45302"
"1",1695674709330,"25/09/2023 20:45:09",1695660309330,-4,"25/09/2023 12:45:09",142246,8,"questionnaire-79c5",NA,31855152,9418144,NA,"complete","cqaqdn","37ZHEEHM62LOIAT0MJZ67C0A43L73Y","computer","Desktop or Laptop","Windows 10","Chrome 116.0.0.0","1280x1024","1280x875",NA,NA,0,"ARI",2,"In","EFDGCHBIAJK",NA,"Somewhat true","2","Certainly true","3","Certainly true","3","Somewhat true","2","Somewhat true","2","Certainly true","3","Somewhat true","2","SUPAMT65956"
"1",1695698067947,"26/09/2023 03:14:27",1695683667947,-4,"25/09/2023 19:14:27",142246,8,"questionnaire-79c5",NA,31856471,9418156,NA,"complete","ktggxp","3RXPCZQMQVAB10QMSIPHPWY65MQG1I","computer","Desktop or Laptop","Windows 10","Chrome 116.0.0.0","1280x1024","1280x875",NA,NA,0,"ARI",2,"In","GHFIEJDKCAB",NA,"Somewhat true","2","Certainly true","3","Somewhat true","2","Somewhat true","2","Certainly true","3","Certainly true","3","Somewhat true","2","SUPAMT47214"
"1",1695676591079,"25/09/2023 21:16:31",1695662191079,-4,"25/09/2023 13:16:31",142246,8,"questionnaire-79c5",NA,31856631,9418151,NA,"complete","jolhkp","3X73LLYYQ7DSF3SMHB5X73NANN8HNQ","computer","Desktop or Laptop","Windows 10","Chrome 116.0.0.0","1280x1024","1280x875",NA,NA,0,"ARI",2,"In","FGEHDICJBKA",NA,"Somewhat true","2","Certainly true","3","Certainly true","3","Somewhat true","2","Somewhat true","2","Certainly true","3","Somewhat true","2","SUPAMT79503"
"1",1695676770582,"25/09/2023 21:19:30",1695662370582,-4,"25/09/2023 13:19:30",142246,8,"questionnaire-79c5",NA,31856755,9418133,NA,"complete","wgrwpi","3D4CH1LGEGSTQ5THWV4A42GP3YEG9R","computer","Desktop or Laptop","Windows 10","Chrome 117.0.0.0","1280x1024","1280x875",NA,NA,0,"ARI",2,"In","HIGJFKEADBC",NA,"Certainly true","3","Somewhat true","2","Somewhat true","2","Somewhat true","2","Certainly true","3","Somewhat true","2","Somewhat true","2","SUPAMT43578"
"1",1695677873434,"25/09/2023 21:37:53",1695663473434,-4,"25/09/2023 13:37:53",142246,8,"questionnaire-79c5",NA,31857420,9418957,NA,"complete","vopbux","320DUZ38GDLIWH6QI7VNTWUSZ3XJGW","computer","Desktop or Laptop","Windows 10","Chrome 116.0.0.0","1280x1024","1280x875",NA,NA,0,"ARI",2,"In","IJHKGAFBECD",NA,"Somewhat true","2","Certainly true","3","Somewhat true","2","Certainly true","3","Somewhat true","2","Certainly true","3","Somewhat true","2","SUPAMT32274"
"1",1695701488423,"26/09/2023 04:11:28",1695687088423,-4,"25/09/2023 20:11:28",142246,8,"questionnaire-79c5",NA,31858484,9419319,NA,"complete","kuixbo","35USIKEBNXFCIE85LSETACYKEAFN6K","computer","Desktop or Laptop","Windows 10","Chrome 116.0.0.0","1280x1024","1280x875",NA,NA,0,"ARI",2,"In","JKIAHBGCFDE",NA,"Somewhat true","2","Certainly true","3","Somewhat true","2","Certainly true","3","Somewhat true","2","Somewhat true","2","Somewhat true","2","SUPAMT40465"
"1",1695713608462,"26/09/2023 07:33:28",1695699208462,-4,"25/09/2023 23:33:28",142246,8,"questionnaire-79c5",NA,31868226,9422182,NA,"complete","zycecc","35H6S234SGZ8SP2ZHSI7GVYYNRE65G","computer","Desktop or Laptop","Windows 10","Chrome 116.0.0.0","1364x768","1364x619",NA,NA,0,"ARI",2,"In","ABKCJDIEHFG",NA,"Somewhat true","2","Somewhat true","2","Certainly true","3","Certainly true","3","Somewhat true","2","Certainly true","3","Somewhat true","2","SUPAMT28820"
"1",1695719447577,"26/09/2023 09:10:47",1695705047577,-4,"26/09/2023 01:10:47",142246,8,"questionnaire-79c5",NA,31868800,9422324,NA,"complete","dtlpao","3QUO65DNQ0NF2AYIIPC957C578HUOR","computer","Desktop or Laptop","Windows 10","Chrome 115.0.0.0","1280x1024","1280x875",NA,NA,0,"ARI",2,"In","BCADKEJFIGH",NA,"Somewhat true","2","Certainly true","3","Somewhat true","2","Somewhat true","2","Certainly true","3","Somewhat true","2","Somewhat true","2","SUPAMT80411"
"1",1695732975874,"26/09/2023 12:56:15",1695714975874,-5,"26/09/2023 02:56:15",142246,8,"questionnaire-79c5",NA,31870003,9422779,NA,"complete","ivtxxk","39GAF6DQWXZUJXGHHDO3PX1GS5Y1VK","computer","Desktop or Laptop","Windows 10","Chrome 116.0.0.0","1366x768","1366x651",NA,NA,0,"ARI",2,"In","CDBEAFKGJHI",NA,"Somewhat true","2","Somewhat true","2","Somewhat true","2","Somewhat true","2","Somewhat true","2","Somewhat true","2","Somewhat true","2","SUPAMT64920"
"1",1695759535200,"26/09/2023 20:18:55",1695745135200,-4,"26/09/2023 12:18:55",142246,8,"questionnaire-79c5",NA,31884118,9427371,NA,"complete","gvtnvv","3OXV7EAXLKP5EAFV39UE1Y0E9ZL36T","computer","Desktop or Laptop","Windows 10","Chrome 117.0.0.0","1280x1024","1280x875",NA,NA,0,"ARI",2,"In","DECFBGAHKIJ",NA,"Somewhat true","2","Certainly true","3","Somewhat true","2","Certainly true","3","Somewhat true","2","Certainly true","3","Somewhat true","2","SUPAMT54692"
