"Event.Index","UTC.Timestamp","UTC.Date.and.Time","Local.Timestamp","Local.Timezone","Local.Date.and.Time","Experiment.ID","Experiment.Version","Tree.Node.Key","Repeat.Key","Schedule.ID","Participant.Private.ID","Participant.Starting.Group","Participant.Status","Participant.Completion.Code","Participant.External.Session.ID","Participant.Device.Type","Participant.Device","Participant.OS","Participant.Browser","Participant.Monitor.Size","Participant.Viewport.Size","Checkpoint","Room.ID","Room.Order","Task.Name","Task.Version","branch.hkzp","order.ot79","branch.mcuq","Multiple.Choice.Grid.object.2.I.swim.across.the.Atlantic.Ocean.to.get.to.work.every.day","Multiple.Choice.Grid.object.2.I.swim.across.the.Atlantic.Ocean.to.get.to.work.every.day.Quantised","Random_ID"
"1",1694118725819,"07/09/2023 20:32:05",1694093525819,-7,"07/09/2023 06:32:05",142342,3,"questionnaire-qxhw",NA,31560567,9335366,NA,"complete","xjntzu","3R9WASFE25F2IWFZP9SRZ5I6H7LZFF","computer","Desktop or Laptop","Windows 10","Chrome 116.0.0.0","1366x768","1366x619",NA,NA,0,"Attention Check 2",2,"In","ABKCJDIEHFG",NA,"1-0","1","SUPAMT03527"
"1",1694125516691,"07/09/2023 22:25:16",1694107516691,-5,"07/09/2023 12:25:16",142342,3,"questionnaire-qxhw",NA,31569760,9337329,NA,"complete","ownfuv","378XPAWRUICLRF9HEPIDL94PMQ8IAC","computer","Desktop or Laptop","Windows 10","Chrome 116.0.0.0","1536x864","1234x731",NA,NA,0,"Attention Check 2",2,"In","CDBEAFKGJHI",NA,"1-0","1","SUPAMT50322"
"1",1694124064065,"07/09/2023 22:01:04",1694109664065,-4,"07/09/2023 14:01:04",142342,3,"questionnaire-qxhw",NA,31571718,9337506,NA,"complete","wvfrhs","3VNL7UK1XLI6WK60JH39DHHPWNMFTQ","computer","Desktop or Laptop","Windows 10","Chrome 116.0.0.0","1600x900","1225x726",NA,NA,0,"Attention Check 2",2,"In","DECFBGAHKIJ",NA,"1-0","1","SUPAMT34462"
"1",1694126579006,"07/09/2023 22:42:59",1694112179006,-4,"07/09/2023 14:42:59",142342,3,"questionnaire-qxhw",NA,31573220,9337754,NA,"complete","xkyeqk","3TVRFO09GQEZDTPGA274XX7F4ZSXLU","computer","Desktop or Laptop","Windows 10","Chrome 116.0.0.0","1366x768","1366x619",NA,NA,0,"Attention Check 2",2,"In","EFDGCHBIAJK",NA,"1-0","1","SUPAMT65847"
"1",1694140018751,"08/09/2023 02:26:58",1694114818751,-7,"07/09/2023 12:26:58",142342,3,"questionnaire-qxhw",NA,31574305,9338143,NA,"complete","zvfati","","computer","Desktop or Laptop","Windows 10","Chrome 109.0.0.0","1366x768","1366x625",NA,NA,0,"Attention Check 2",2,"In","FGEHDICJBKA",NA,"1-0","1","SUPAMT67941"
"1",1694130557507,"07/09/2023 23:49:17",1694116157507,-4,"07/09/2023 15:49:17",142342,3,"questionnaire-qxhw",NA,31574666,9338259,NA,"complete","gnzhav","3X1FV8S5J3QRNC6KZW96WK5MS3KGVI","computer","Desktop or Laptop","Windows 10","Chrome 116.0.0.0","1366x768","1366x619",NA,NA,0,"Attention Check 2",2,"In","GHFIEJDKCAB",NA,"1-0","1","SUPAMT16716"
"1",1694154340010,"08/09/2023 06:25:40",1694129140010,-7,"07/09/2023 16:25:40",142342,3,"questionnaire-qxhw",NA,31577597,9339002,NA,"complete","eddpzh","3HMVI3QICPRBNRBMMOBNWW5AA5A1Y5","computer","Desktop or Laptop","Windows 10","Chrome 116.0.0.0","1366x768","1366x651",NA,NA,0,"Attention Check 2",2,"In","HIGJFKEADBC",NA,"1-0","1","SUPAMT43003"
"1",1694195268273,"08/09/2023 17:47:48",1694180868273,-4,"08/09/2023 09:47:48",142342,3,"questionnaire-qxhw",NA,31590250,9340882,NA,"complete","kjtsxz","3DBQWDE4YCXGZA8RG94OI6KKIZ6N5A","computer","Desktop or Laptop","Windows 10","Chrome 116.0.0.0","1366x768","1366x619",NA,NA,0,"Attention Check 2",2,"In","JKIAHBGCFDE",NA,"0-2","3","SUPAMT12467"
"1",1694195865333,"08/09/2023 17:57:45",1694181465333,-4,"08/09/2023 09:57:45",142342,3,"questionnaire-qxhw",NA,31590510,9340875,NA,"complete","gmniep","3LQ8PUHQFRR012HVKVS52VRTZ5NHIF","computer","Desktop or Laptop","Windows 10","Chrome 116.0.0.0","1366x768","1366x619",NA,NA,0,"Attention Check 2",2,"In","IJHKGAFBECD",NA,"1-0","1","SUPAMT23519"
"1",1694196217494,"08/09/2023 18:03:37",1694181817494,-4,"08/09/2023 10:03:37",142342,3,"questionnaire-qxhw",NA,31590687,9340884,NA,"complete","jpkeep","36NEMU28XLC4UB2B09CXVR8XX7LWMN","computer","Desktop or Laptop","Windows 10","Chrome 115.0.0.0","1366x768","1366x619",NA,NA,0,"Attention Check 2",2,"In","KAJBICHDGEF",NA,"1-0","1","SUPAMT43905"
"1",1694203199341,"08/09/2023 19:59:59",1694188799341,-4,"08/09/2023 11:59:59",142342,3,"questionnaire-qxhw",NA,31593245,9341382,NA,"complete","rlvoid","3B4YI393VFVELPY701YIAB4IHEXSSU","computer","Desktop or Laptop","Windows 10","Chrome 116.0.0.0","1920x1080","1920x963",NA,NA,0,"Attention Check 2",2,"In","BCADKEJFIGH",NA,"1-0","1","SUPAMT85972"
"1",1694207587619,"08/09/2023 21:13:07",1694189587619,-5,"08/09/2023 11:13:07",142342,3,"questionnaire-qxhw",NA,31593901,9341405,NA,"complete","ojutlg","3DBQWDE4YCXGZA8RG94OI6KKGVHN5B","computer","Desktop or Laptop","Windows 10","Chrome 116.0.0.0","2048x1152","2048x1002",NA,NA,0,"Attention Check 2",2,"In","CDBEAFKGJHI",NA,"1-0","1","SUPAMT29232"
"1",1694204259468,"08/09/2023 20:17:39",1694189859468,-4,"08/09/2023 12:17:39",142342,3,"questionnaire-qxhw",NA,31594070,9341491,NA,"complete","fbadmi","3MD9PLUKKODE6OSGNXB47ARFHUPZNU","computer","Desktop or Laptop","Windows 10","Chrome 116.0.0.0","1536x864","1536x707",NA,NA,0,"Attention Check 2",2,"In","DECFBGAHKIJ",NA,"1-0","1","SUPAMT55264"
"1",1694205049069,"08/09/2023 20:30:49",1694190649069,-4,"08/09/2023 12:30:49",142342,3,"questionnaire-qxhw",NA,31594462,9341565,NA,"complete","rkeeiv","3WYGZ5XF32EGX6LZVSPGJPD82O1KSW","computer","Desktop or Laptop","Windows 10","Chrome 116.0.0.0","1366x768","1366x619",NA,NA,0,"Attention Check 2",2,"In","EFDGCHBIAJK",NA,"0","4","SUPAMT94886"
"1",1694223364703,"09/09/2023 01:36:04",1694208964703,-4,"08/09/2023 17:36:04",142342,3,"questionnaire-qxhw",NA,31598962,9342396,NA,"complete","oglqly","3KGTPGBS63K1V39DVRECYU924J8U22","computer","Desktop or Laptop","Windows 10","Firefox 117.0","2176x1224","2176x1110",NA,NA,0,"Attention Check 2",2,"In","FGEHDICJBKA",NA,"1-0","1","SUPAMT38854"
"1",1694264300738,"09/09/2023 12:58:20",1694249900738,-4,"09/09/2023 04:58:20",142342,3,"questionnaire-qxhw",NA,31601359,9343005,NA,"complete","krvanj","3HL8HNGX4B0NC5XMLBYSMHGD25TF9E","computer","Desktop or Laptop","Windows 10","Chrome 109.0.0.0","1366x768","1366x657",NA,NA,0,"Attention Check 2",2,"In","GHFIEJDKCAB",NA,"0-2","3","SUPAMT37681"
"1",1694381034775,"10/09/2023 21:23:54",1694366634775,-4,"10/09/2023 13:23:54",142342,3,"questionnaire-qxhw",NA,31617154,9345571,NA,"complete","ggfqbm","3VFJCI1K45YZU5P3QC4WVNGJ95TGRT","computer","Desktop or Laptop","Windows 10","Chrome 116.0.0.0","1366x768","1366x619",NA,NA,0,"Attention Check 2",2,"In","HIGJFKEADBC",NA,"0-2","3","SUPAMT61059"
"1",1694443178393,"11/09/2023 14:39:38",1694428778393,-4,"11/09/2023 06:39:38",142342,3,"questionnaire-qxhw",NA,31623755,9347090,NA,"complete","xtvgwq","3AMW0RGHOJ1KSKQA0OD2GCP179ZNP6","computer","Desktop or Laptop","Windows 10","Chrome 116.0.0.0","1280x1024","1280x875",NA,NA,0,"Attention Check 2",2,"In","IJHKGAFBECD",NA,"1-0","1","SUPAMT69479"
"1",1694443638063,"11/09/2023 14:47:18",1694429238063,-4,"11/09/2023 06:47:18",142342,3,"questionnaire-qxhw",NA,31623853,9347100,NA,"complete","furujy","","computer","Desktop or Laptop","Windows 10","Chrome 116.0.0.0","1280x1024","1280x875",NA,NA,0,"Attention Check 2",2,"In","JKIAHBGCFDE",NA,"1-0","1","SUPAMT72992"
"1",1694445230214,"11/09/2023 15:13:50",1694430830214,-4,"11/09/2023 07:13:50",142342,3,"questionnaire-qxhw",NA,31624531,9347134,NA,"rejected - time limit reached","","31UV0MXWNWBOL9X0JTRWDYO3UA4I5Z","computer","Desktop or Laptop","Windows 10","Chrome 116.0.0.0","1364x768","1515x687",NA,NA,0,"Attention Check 2",2,"In","KAJBICHDGEF",NA,"1-0","1","SUPAMT35299"
"1",1694445321005,"11/09/2023 15:15:21",1694430921005,-4,"11/09/2023 07:15:21",142342,3,"questionnaire-qxhw",NA,31624590,9347225,NA,"rejected - time limit reached","","38BQUHLA92ZWP2T99NLNEXVBU47MOK","computer","Desktop or Laptop","Windows 10","Chrome 116.0.0.0","1364x768","1346x602",NA,NA,0,"Attention Check 2",2,"In","BCADKEJFIGH",NA,"1-0","1","SUPAMT13138"
"1",1694449031076,"11/09/2023 16:17:11",1694431031076,-5,"11/09/2023 06:17:11",142342,3,"questionnaire-qxhw",NA,31624656,9347160,NA,"complete","hdreiq","3ZPBJO59KV0JTR19SHRUBYBG95MDHS","computer","Desktop or Laptop","Windows 10","Chrome 116.0.0.0","1600x900","1600x751",NA,NA,0,"Attention Check 2",2,"In","ABKCJDIEHFG",NA,"1-0","1","SUPAMT02681"
"1",1694445879975,"11/09/2023 15:24:39",1694431479975,-4,"11/09/2023 07:24:39",142342,3,"questionnaire-qxhw",NA,31624957,9347302,NA,"complete","lckmws","3A0EX8ZRNENC0PTEOL4C28IJWF2BYV","computer","Desktop or Laptop","Windows 10","Chrome 116.0.0.0","1600x900","1600x751",NA,NA,0,"Attention Check 2",2,"In","CDBEAFKGJHI",NA,"1-0","1","SUPAMT13097"
"1",1694446661120,"11/09/2023 15:37:41",1694432261120,-4,"11/09/2023 07:37:41",142342,3,"questionnaire-qxhw",NA,31625719,9347546,NA,"complete","cktauf","340UGXU9D40ASU7FJ1YN0Z6D3ZNUVY","computer","Desktop or Laptop","Windows 10","Chrome 116.0.0.0","1280x1024","1280x875",NA,NA,0,"Attention Check 2",2,"In","DECFBGAHKIJ",NA,"1-0","1","SUPAMT02924"
"1",1694447065409,"11/09/2023 15:44:25",1694432665409,-4,"11/09/2023 07:44:25",142342,3,"questionnaire-qxhw",NA,31625874,9347600,NA,"complete","mjpddr","3QUO65DNQ0NF2AYIIPC957C57Q9UOJ","computer","Desktop or Laptop","Windows 10","Chrome 116.0.0.0","1280x1024","1280x875",NA,NA,0,"Attention Check 2",2,"In","EFDGCHBIAJK",NA,"1-0","1","SUPAMT59799"
"1",1694451867652,"11/09/2023 17:04:27",1694433867652,-5,"11/09/2023 07:04:27",142342,3,"questionnaire-qxhw",NA,31626118,9347681,NA,"complete","nfrksp","3ATPCQ38JE97HFOMI74G7XYDC7EAYE","computer","Desktop or Laptop","Windows 10","Chrome 115.0.0.0","1360x768","1360x651",NA,NA,0,"Attention Check 2",2,"In","FGEHDICJBKA",NA,"1","2","SUPAMT72552"
"1",1694450800203,"11/09/2023 16:46:40",1694436400203,-4,"11/09/2023 08:46:40",142342,3,"questionnaire-qxhw",NA,31627198,9347855,NA,"complete","gqpfeh","3CPLWGV3MUYZ0XA3JZH5UMPM4VM9NK","computer","Desktop or Laptop","Windows 10","Chrome 114.0.0.0","1366x768","1366x625",NA,NA,0,"Attention Check 2",2,"In","GHFIEJDKCAB",NA,"0-2","3","SUPAMT97544"
"1",1694451184644,"11/09/2023 16:53:04",1694436784644,-4,"11/09/2023 08:53:04",142342,3,"questionnaire-qxhw",NA,31627343,9347969,NA,"complete","iydyll","3H8DHMCCWFAAVH2HY2UROQR81LVDKZ","computer","Desktop or Laptop","Windows 10","Chrome 114.0.0.0","1366x768","1366x625",NA,NA,0,"Attention Check 2",2,"In","IJHKGAFBECD",NA,"1-0","1","SUPAMT35426"
"1",1694458929416,"11/09/2023 19:02:09",1694437329416,-6,"11/09/2023 07:02:09",142342,3,"questionnaire-qxhw",NA,31627556,9348010,NA,"complete","mtbyez","3YW4XOSQKWKU6IRHCNEYTBZXCP61US","computer","Desktop or Laptop","Windows 10","Chrome 115.0.0.0","1366x768","1366x651",NA,NA,0,"Attention Check 2",2,"In","JKIAHBGCFDE",NA,"1-0","1","SUPAMT63935"
"1",1694452138967,"11/09/2023 17:08:58",1694437738967,-4,"11/09/2023 09:08:58",142342,3,"questionnaire-qxhw",NA,31627756,9348091,NA,"complete","iosqgt","32XVDSJFP5WIIV44MPNQ7KS8T0QM2V","computer","Desktop or Laptop","Windows 10","Chrome 116.0.0.0","1366x768","1366x619",NA,NA,0,"Attention Check 2",2,"In","ABKCJDIEHFG",NA,"1-0","1","SUPAMT91520"
"1",1694454921873,"11/09/2023 17:55:21",1694440521873,-4,"11/09/2023 09:55:21",142342,3,"questionnaire-qxhw",NA,31628935,9348312,NA,"complete","jqbjgv","","computer","Desktop or Laptop","Windows 10","Chrome 115.0.0.0","1366x768","1366x619",NA,NA,0,"Attention Check 2",2,"In","CDBEAFKGJHI",NA,"1-0","1","SUPAMT64111"
"1",1694455693877,"11/09/2023 18:08:13",1694441293877,-4,"11/09/2023 10:08:13",142342,3,"questionnaire-qxhw",NA,31629490,9348283,NA,"complete","sfsbxy","31N2WW6R9XP1X38642XIV4DR2C63F6","computer","Desktop or Laptop","Windows 10","Firefox 117.0","1536x864","1536x731",NA,NA,0,"Attention Check 2",2,"In","DECFBGAHKIJ",NA,"1-0","1","SUPAMT64111"
"1",1694461358873,"11/09/2023 19:42:38",1694446958873,-4,"11/09/2023 11:42:38",142342,3,"questionnaire-qxhw",NA,31631913,9348868,NA,"complete","drnnnk","3LYA37P8IWMHGK4XK63LT038XFTBKT","computer","Desktop or Laptop","Windows 10","Chrome 109.0.0.0","1366x768","1366x625",NA,NA,0,"Attention Check 2",2,"In","EFDGCHBIAJK",NA,"1-0","1","SUPAMT59606"
"1",1694461693722,"11/09/2023 19:48:13",1694447293722,-4,"11/09/2023 11:48:13",142342,3,"questionnaire-qxhw",NA,31631998,9349015,NA,"complete","ipxphk","3QHK8ZVMISHS0QMF56FM80GNLBCLBB","computer","Desktop or Laptop","Windows 10","Chrome 116.0.0.0","1366x768","1517x687",NA,NA,0,"Attention Check 2",2,"In","FGEHDICJBKA",NA,"1","2","SUPAMT98578"
"1",1694463484900,"11/09/2023 20:18:04",1694449084900,-4,"11/09/2023 12:18:04",142342,3,"questionnaire-qxhw",NA,31632375,9349095,NA,"complete","obuidv","3KYQYYSHY16TL8NWWUMKV78HLQ9ODY","computer","Desktop or Laptop","Windows 10","Chrome 116.0.0.0","1366x768","1366x619",NA,NA,0,"Attention Check 2",2,"In","HIGJFKEADBC",NA,"1-0","1","SUPAMT40116"
"1",1694464545473,"11/09/2023 20:35:45",1694450145473,-4,"11/09/2023 12:35:45",142342,3,"questionnaire-qxhw",NA,31632679,9349121,NA,"complete","ooxafi","3QJOXOW4XPQADBGKF9IR9L1XQ4HME0","computer","Desktop or Laptop","Windows 10","Chrome 116.0.0.0","1366x768","1366x619",NA,NA,0,"Attention Check 2",2,"In","IJHKGAFBECD",NA,"1-0","1","SUPAMT68498"
"1",1694486403718,"12/09/2023 02:40:03",1694472003718,-4,"11/09/2023 18:40:03",142342,3,"questionnaire-qxhw",NA,31632745,9349130,NA,"complete","libawr","3NQL1CS15X7R93RKT2VC3KCQZ8XYV5","computer","Desktop or Laptop","Windows 10","Chrome 116.0.0.0","1280x1024","1280x875",NA,NA,0,"Attention Check 2",2,"In","JKIAHBGCFDE",NA,"1-0","1","SUPAMT90577"
"1",1694465115821,"11/09/2023 20:45:15",1694450715821,-4,"11/09/2023 12:45:15",142342,3,"questionnaire-qxhw",NA,31632855,9349155,NA,"complete","yifcyo","","computer","Desktop or Laptop","Windows 10","Chrome 116.0.0.0","1364x768","1364x619",NA,NA,0,"Attention Check 2",2,"In","KAJBICHDGEF",NA,"1-0","1","SUPAMT90577"
"1",1694487552313,"12/09/2023 02:59:12",1694473152313,-4,"11/09/2023 18:59:12",142342,3,"questionnaire-qxhw",NA,31633059,9349279,NA,"complete","xxaglc","3VHHR074H9G5YEJPSP363YUR4AD7LJ","computer","Desktop or Laptop","Windows 10","Chrome 116.0.0.0","1366x768","1366x651",NA,NA,0,"Attention Check 2",2,"In","CDBEAFKGJHI",NA,"1-0","1","SUPAMT69504"
"1",1694487580953,"12/09/2023 02:59:40",1694473180953,-4,"11/09/2023 18:59:40",142342,3,"questionnaire-qxhw",NA,31633069,9349060,NA,"complete","acwbwe","3L4PIM1GQZFZGWA3KIQ22NNNE3MYRG","computer","Desktop or Laptop","Windows 10","Chrome 116.0.0.0","1024x768","1024x619",NA,NA,0,"Attention Check 2",2,"In","GHFIEJDKCAB",NA,"1-0","1","SUPAMT53264"
"1",1694466114501,"11/09/2023 21:01:54",1694451714501,-4,"11/09/2023 13:01:54",142342,3,"questionnaire-qxhw",NA,31633114,9349167,NA,"complete","metjpq","3M0NZ3JDP7XAGZMAJXFIDTRTSD9Z5Y","computer","Desktop or Laptop","Windows 10","Chrome 114.0.0.0","1366x768","1366x625",NA,NA,0,"Attention Check 2",2,"In","ABKCJDIEHFG",NA,"1-0","1","SUPAMT09587"
"1",1694466540924,"11/09/2023 21:09:00",1694452140924,-4,"11/09/2023 13:09:00",142342,3,"questionnaire-qxhw",NA,31633205,9349209,NA,"complete","alidzh","3QL2OFSM9CH1YVH6VJRWWCQUAH6CNN","computer","Desktop or Laptop","Windows 10","Chrome 115.0.0.0","1280x1024","1280x875",NA,NA,0,"Attention Check 2",2,"In","BCADKEJFIGH",NA,"0","4","SUPAMT31886"
"1",1694466569857,"11/09/2023 21:09:29",1694452169857,-4,"11/09/2023 13:09:29",142342,3,"questionnaire-qxhw",NA,31633207,9349180,NA,"complete","rjdohd","","computer","Desktop or Laptop","Windows 10","Chrome 116.0.0.0","1364x768","1364x619",NA,NA,0,"Attention Check 2",2,"In","DECFBGAHKIJ",NA,"1-0","1","SUPAMT69504"
"1",1694488875289,"12/09/2023 03:21:15",1694474475289,-4,"11/09/2023 19:21:15",142342,3,"questionnaire-qxhw",NA,31633382,9349322,NA,"complete","mccbgw","3OCHAWUVGUJOTN7YP2V3IXU0H5XXKF","computer","Desktop or Laptop","Windows 10","Chrome 116.0.0.0","1366x768","1366x619",NA,NA,0,"Attention Check 2",2,"In","EFDGCHBIAJK",NA,"1-0","1","SUPAMT40907"
"1",1694468450713,"11/09/2023 21:40:50",1694454050713,-4,"11/09/2023 13:40:50",142342,3,"questionnaire-qxhw",NA,31633643,9349396,NA,"complete","vtrxie","3WS1NTTKE4B5GB99LFFZT6FKXCHF04","computer","Desktop or Laptop","Windows 10","Chrome 116.0.0.0","1366x768","1366x619",NA,NA,0,"Attention Check 2",2,"In","FGEHDICJBKA",NA,"1-0","1","SUPAMT37895"
"1",1694469213635,"11/09/2023 21:53:33",1694454813635,-4,"11/09/2023 13:53:33",142342,3,"questionnaire-qxhw",NA,31633833,9349473,NA,"complete","cewygc","3PXX5PX6L3XB47VB8FQWZM0CTOLBA7","computer","Desktop or Laptop","Windows 10","Chrome 116.0.0.0","1366x768","1366x619",NA,NA,0,"Attention Check 2",2,"In","GHFIEJDKCAB",NA,"1-0","1","SUPAMT98418"
"1",1695070001414,"18/09/2023 20:46:41",1695052001414,-5,"18/09/2023 10:46:41",142342,3,"questionnaire-qxhw",NA,31722014,9376599,NA,"complete","mskdfg","3H7Z272LXD6U4KNPOBXN3KLC44IPL7","computer","Desktop or Laptop","Windows 10","Chrome 116.0.0.0","1536x864","1536x747",NA,NA,0,"Attention Check 2",2,"In","HIGJFKEADBC",NA,"1-0","1","SUPAMT11088"
"1",1695066584926,"18/09/2023 19:49:44",1695052184926,-4,"18/09/2023 11:49:44",142342,3,"questionnaire-qxhw",NA,31722069,9376603,NA,"complete","ajzzwm","3TUI152ZZHM2EPK0VEUTJA28A9PQ1C","computer","Desktop or Laptop","Windows 10","Chrome 116.0.0.0","1366x768","1366x619",NA,NA,0,"Attention Check 2",2,"In","BCADKEJFIGH",NA,"1-0","1","SUPAMT11650"
"1",1695088799327,"19/09/2023 01:59:59",1695074399327,-4,"18/09/2023 17:59:59",142342,3,"questionnaire-qxhw",NA,31722280,9376625,NA,"complete","mysxmv","3QY7M81QHDLUE8177PR5OYHCEPY7KZ","computer","Desktop or Laptop","Windows 10","Chrome 116.0.0.0","1366x768","1366x619",NA,NA,0,"Attention Check 2",2,"In","CDBEAFKGJHI",NA,"1-0","1","SUPAMT93290"
"1",1695067311632,"18/09/2023 20:01:51",1695052911632,-4,"18/09/2023 12:01:51",142342,3,"questionnaire-qxhw",NA,31722325,9376604,NA,"complete","davaox","3I2PTA7R3ZT4KQ6M3O0BOPY7K2AQKB","computer","Desktop or Laptop","Windows 10","Chrome 115.0.0.0","1366x768","1366x619",NA,NA,0,"Attention Check 2",2,"In","JKIAHBGCFDE",NA,"1-0","1","SUPAMT38095"
"1",1695067314313,"18/09/2023 20:01:54",1695052914313,-4,"18/09/2023 12:01:54",142342,3,"questionnaire-qxhw",NA,31722328,9376596,NA,"complete","pqolde","39JEC753700E60QFXADN6TK7VYVVC1","computer","Desktop or Laptop","Windows 10","Chrome 116.0.0.0","1364x768","1364x651",NA,NA,0,"Attention Check 2",2,"In","HIGJFKEADBC",NA,"1-0","1","SUPAMT74611"
"1",1695067377939,"18/09/2023 20:02:57",1695052977939,-4,"18/09/2023 12:02:57",142342,3,"questionnaire-qxhw",NA,31722346,9376594,NA,"complete","hphknm","3Y4W8Q93L5JOBSWTX68YQZ2PGY7VD1","computer","Desktop or Laptop","Windows 8.1","Chrome 109.0.0.0","1366x768","1366x625",NA,NA,0,"Attention Check 2",2,"In","IJHKGAFBECD",NA,"1-0","1","SUPAMT58158"
"1",1695067513468,"18/09/2023 20:05:13",1695053113468,-4,"18/09/2023 12:05:13",142342,3,"questionnaire-qxhw",NA,31722383,9376653,NA,"complete","xxpdpg","3DY4FPOOA7NIC2FYF73IVOJTVZ0RV5","computer","Desktop or Laptop","Windows 10","Chrome 116.0.0.0","1366x768","1366x619",NA,NA,0,"Attention Check 2",2,"In","FGEHDICJBKA",NA,"1-0","1","SUPAMT53772"
"1",1695067537442,"18/09/2023 20:05:37",1695053137442,-4,"18/09/2023 12:05:37",142342,3,"questionnaire-qxhw",NA,31722392,9376661,NA,"complete","aowpig","336KAV9KYWRICCTI5SB11FFF1OKY24","computer","Desktop or Laptop","Windows 10","Chrome 116.0.0.0","1366x768","1366x651",NA,NA,0,"Attention Check 2",2,"In","GHFIEJDKCAB",NA,"1-0","1","SUPAMT95242"
"1",1695067910326,"18/09/2023 20:11:50",1695053510326,-4,"18/09/2023 12:11:50",142342,3,"questionnaire-qxhw",NA,31722498,9376704,NA,"complete","yeypek","3FIJLY1B60384SDT20UP87GS78JFPF","computer","Desktop or Laptop","Windows 10","Chrome 116.0.0.0","1366x768","1366x619",NA,NA,0,"Attention Check 2",2,"In","KAJBICHDGEF",NA,"1-0","1","SUPAMT73359"
"1",1695071522637,"18/09/2023 21:12:02",1695053522637,-5,"18/09/2023 11:12:02",142342,3,"questionnaire-qxhw",NA,31722501,9376698,NA,"complete","ppvtpm","3U84XHCDIICSKGIA5SW881LFSHJZ4Y","computer","Desktop or Laptop","Windows 10","Chrome 109.0.0.0","1366x768","1366x625",NA,NA,0,"Attention Check 2",2,"In","JKIAHBGCFDE",NA,"1-0","1","SUPAMT28961"
"1",1695068138069,"18/09/2023 20:15:38",1695053738069,-4,"18/09/2023 12:15:38",142342,3,"questionnaire-qxhw",NA,31722560,9376689,NA,"complete","onpeat","3PQ8K71NH3J6LXQJ21Q04BG6ALCAAG","computer","Desktop or Laptop","Windows 10","Chrome 115.0.0.0","1366x768","1366x619",NA,NA,0,"Attention Check 2",2,"In","IJHKGAFBECD",NA,"1-0","1","SUPAMT32156"
"1",1695067566183,"18/09/2023 20:06:06",1695053166183,-4,"18/09/2023 12:06:06",142342,3,"questionnaire-qxhw",NA,31722584,9376721,NA,"complete","dtenyh","3B4YI393VFVELPY701YIAB4IJK8SSJ","computer","Desktop or Laptop","Windows 10","Chrome 116.0.0.0","1366x768","1366x619",NA,NA,0,"Attention Check 2",2,"In","ABKCJDIEHFG",NA,"1-0","1","SUPAMT75922"
"1",1695089985521,"19/09/2023 02:19:45",1695075585521,-4,"18/09/2023 18:19:45",142342,3,"questionnaire-qxhw",NA,31722614,9376686,NA,"complete","jhxukx","3W92K5RLW0GT7FH0I0QFSNEX3HA5V4","computer","Desktop or Laptop","Windows 10","Chrome 116.0.0.0","1366x768","1366x619",NA,NA,0,"Attention Check 2",2,"In","CDBEAFKGJHI",NA,"1-0","1","SUPAMT98352"
"1",1695070229275,"18/09/2023 20:50:29",1695055829275,-4,"18/09/2023 12:50:29",142342,3,"questionnaire-qxhw",NA,31723129,9376609,NA,"complete","yeakrc","33CID5710ASNXVI2QD0GQHIBYNGL3A","computer","Desktop or Laptop","Windows 10","Chrome 116.0.0.0","1366x768","1366x619",NA,NA,0,"Attention Check 2",2,"In","KAJBICHDGEF",NA,"1-0","1","SUPAMT41746"
"1",1695068158111,"18/09/2023 20:15:58",1695053758111,-4,"18/09/2023 12:15:58",142342,3,"questionnaire-qxhw",NA,31722627,9376734,NA,"complete","lqmkym","3R2UR8A0IGF7JESDNUNWPEB9176XOS","computer","Desktop or Laptop","Windows 10","Chrome 116.0.0.0","1366x768","1366x619",NA,NA,0,"Attention Check 2",2,"In","BCADKEJFIGH",NA,"0-2","3","SUPAMT28707"
"1",1695069218460,"18/09/2023 20:33:38",1695054818460,-4,"18/09/2023 12:33:38",142342,3,"questionnaire-qxhw",NA,31722815,9376725,NA,"complete","btclcz","3C8HJ7UOPDT8O67GBWW4UV2FE81ZMQ","computer","Desktop or Laptop","Windows 10","Chrome 116.0.0.0","1366x768","1366x619",NA,NA,0,"Attention Check 2",2,"In","EFDGCHBIAJK",NA,"1-0","1","SUPAMT43489"
"1",1695069239908,"18/09/2023 20:33:59",1695054839908,-4,"18/09/2023 12:33:59",142342,3,"questionnaire-qxhw",NA,31722820,9376787,NA,"complete","ulizwd","3TY7ZAOG5LJGWX1NMQ6W9J7P7YLK0G","computer","Desktop or Laptop","Windows 10","Chrome 116.0.0.0","1280x1024","1280x875",NA,NA,0,"Attention Check 2",2,"In","FGEHDICJBKA",NA,"0-2","3","SUPAMT73219"
"1",1695070335149,"18/09/2023 20:52:15",1695055935149,-4,"18/09/2023 12:52:15",142342,3,"questionnaire-qxhw",NA,31723156,9376780,NA,"complete","yyuhem","3XXU1SWE8SUAKKS1AZT7F54T1ZY0AD","computer","Desktop or Laptop","Windows 10","Chrome 117.0.0.0","1366x768","1366x619",NA,NA,0,"Attention Check 2",2,"In","HIGJFKEADBC",NA,"1-0","1","SUPAMT71082"
"1",1695070851240,"18/09/2023 21:00:51",1695056451240,-4,"18/09/2023 13:00:51",142342,3,"questionnaire-qxhw",NA,31723328,9376802,NA,"rejected - time limit reached","","3IGI0VL64DJ27KE9LO0NRCKBZ76ON1","computer","Desktop or Laptop","Windows 10","Chrome 116.0.0.0","1366x768","1366x619",NA,NA,0,"Attention Check 2",2,"In","GHFIEJDKCAB",NA,"1-0","1","SUPAMT87900"
"1",1695070363010,"18/09/2023 20:52:43",1695055963010,-4,"18/09/2023 12:52:43",142342,3,"questionnaire-qxhw",NA,31723373,9376826,NA,"complete","utggxc","3ERET4BTVS8YSRP0MMPP2U8IA11K9C","computer","Desktop or Laptop","Windows 10","Chrome 116.0.0.0","1280x1024","1280x875",NA,NA,0,"Attention Check 2",2,"In","IJHKGAFBECD",NA,"0","4","SUPAMT62848"
"1",1695071263857,"18/09/2023 21:07:43",1695056863857,-4,"18/09/2023 13:07:43",142342,3,"questionnaire-qxhw",NA,31723486,9376926,NA,"complete","qopsaj","34X6J5FLPZX99604L30ZNAYU5C6QJ6","computer","Desktop or Laptop","Windows 10","Chrome 116.0.0.0","1280x1024","1280x875",NA,NA,0,"Attention Check 2",2,"In","KAJBICHDGEF",NA,"0","4","SUPAMT36338"
"1",1695071462282,"18/09/2023 21:11:02",1695057062282,-4,"18/09/2023 13:11:02",142342,3,"questionnaire-qxhw",NA,31723567,9376935,NA,"complete","vvujrb","3TXMY6UCAKNM1SUYBBJD06LZE6SQCE","computer","Desktop or Laptop","Windows 10","Chrome 116.0.0.0","1366x768","1366x619",NA,NA,0,"Attention Check 2",2,"In","JKIAHBGCFDE",NA,"1-0","1","SUPAMT72992"
"1",1695071234957,"18/09/2023 21:07:14",1695056834957,-4,"18/09/2023 13:07:14",142342,3,"questionnaire-qxhw",NA,31723586,9377006,NA,"complete","wimqes","39ASUFLU636L7NFOTGK0K2HVX7WXEO","computer","Desktop or Laptop","Windows 10","Chrome 116.0.0.0","1280x1024","1280x875",NA,NA,0,"Attention Check 2",2,"In","ABKCJDIEHFG",NA,"0","4","SUPAMT06078"
"1",1695073369038,"18/09/2023 21:42:49",1695058969038,-4,"18/09/2023 13:42:49",142342,3,"questionnaire-qxhw",NA,31724211,9377163,NA,"complete","sxwzma","39K0FND3ANE7NYZ8Z4G5D2B642ZAMY","computer","Desktop or Laptop","Windows 8.1","Chrome 109.0.0.0","1366x768","1366x625",NA,NA,0,"Attention Check 2",2,"In","BCADKEJFIGH",NA,"1-0","1","SUPAMT80434"
"1",1695075131095,"18/09/2023 22:12:11",1695060731095,-4,"18/09/2023 14:12:11",142342,3,"questionnaire-qxhw",NA,31724609,9377234,NA,"complete","izvdxh","37M28K1J0WCHMQTNW73DXAJP1VOJAY","computer","Desktop or Laptop","Windows 10","Chrome 116.0.0.0","1366x768","1366x619",NA,NA,0,"Attention Check 2",2,"In","CDBEAFKGJHI",NA,"1-0","1","SUPAMT78837"
"1",1695078807219,"18/09/2023 23:13:27",1695060807219,-5,"18/09/2023 13:13:27",142342,3,"questionnaire-qxhw",NA,31724616,9377261,NA,"complete","aeoekf","34QN5IT0T5QW1WZMD19TJEYYBCK08X","computer","Desktop or Laptop","Windows 8.1","Chrome 109.0.0.0","1366x768","1366x625",NA,NA,0,"Attention Check 2",2,"In","DECFBGAHKIJ",NA,"1-0","1","SUPAMT84358"
"1",1695077826581,"18/09/2023 22:57:06",1695063426581,-4,"18/09/2023 14:57:06",142342,3,"questionnaire-qxhw",NA,31725141,9377373,NA,"complete","iehprc","3TVSS0C0E7Z876SV96D9H53PREIWTN","computer","Desktop or Laptop","Windows 10","Chrome 116.0.0.0","1364x768","1515x687",NA,NA,0,"Attention Check 2",2,"In","FGEHDICJBKA",NA,"1-0","1","SUPAMT53839"
"1",1695077657996,"18/09/2023 22:54:17",1695063257996,-4,"18/09/2023 14:54:17",142342,3,"questionnaire-qxhw",NA,31725170,9377391,NA,"complete","qrfhal","","computer","Desktop or Laptop","Windows 10","Chrome 116.0.0.0","1366x768","1366x619",NA,NA,0,"Attention Check 2",2,"In","GHFIEJDKCAB",NA,"0-2","3","SUPAMT82422"
"1",1695101049610,"19/09/2023 05:24:09",1695086649610,-4,"18/09/2023 21:24:09",142342,3,"questionnaire-qxhw",NA,31728258,9382656,NA,"rejected - time limit reached","","3Z7ISHFUH6UT3H5CHVMLPD1KU4WZ8O","computer","Desktop or Laptop","Windows 10","Chrome 117.0.0.0","1280x1024","1280x875",NA,NA,0,"Attention Check 2",2,"In","HIGJFKEADBC",NA,"0","4","SUPAMT58347"
"1",1695104362394,"19/09/2023 06:19:22",1695089962394,-4,"18/09/2023 22:19:22",142342,3,"questionnaire-qxhw",NA,31728532,9382738,NA,"complete","lfidam","3A0EX8ZRNENC0PTEOL4C28IJWECYBQ","computer","Desktop or Laptop","Windows 10","Chrome 116.0.0.0","1364x768","1515x687",NA,NA,0,"Attention Check 2",2,"In","IJHKGAFBECD",NA,"1-0","1","SUPAMT62860"
"1",1695416029573,"22/09/2023 20:53:49",1695401629573,-4,"22/09/2023 12:53:49",142342,3,"questionnaire-qxhw",NA,31795385,9403723,NA,"complete","ycqcrp","3ZAZR5XV07HVFKVPY72QRZX3KTGZCP","computer","Desktop or Laptop","Windows 10","Chrome 116.0.0.0","1920x1080","1920x963",NA,NA,0,"Attention Check 2",2,"In","JKIAHBGCFDE",NA,"0-2","3","SUPAMT01609"
"1",1695399749423,"22/09/2023 16:22:29",1695381749423,-5,"22/09/2023 06:22:29",142342,3,"questionnaire-qxhw",NA,31795542,9403900,NA,"complete","hxwbkj","35K3O9HUAHC471O3TMEEEVHOT03EFD","computer","Desktop or Laptop","Windows 10","Chrome 116.0.0.0","1366x768","1366x619",NA,NA,0,"Attention Check 2",2,"In","ABKCJDIEHFG",NA,"0-2","3","SUPAMT14695"
"1",1695396316603,"22/09/2023 15:25:16",1695381916603,-4,"22/09/2023 07:25:16",142342,3,"questionnaire-qxhw",NA,31795587,9403928,NA,"complete","yomcfb","3JV9LGBJWZDWXSXNYKNS1SBEYHAOGR","computer","Desktop or Laptop","Windows 10","Chrome 116.0.0.0","1366x768","1366x619",NA,NA,0,"Attention Check 2",2,"In","BCADKEJFIGH",NA,"1-0","1","SUPAMT15646"
"1",1695396753414,"22/09/2023 15:32:33",1695382353414,-4,"22/09/2023 07:32:33",142342,3,"questionnaire-qxhw",NA,31795726,9404175,NA,"complete","yrmxcc","","computer","Desktop or Laptop","Windows 10","Chrome 115.0.0.0","1280x1024","1706x1166",NA,NA,0,"Attention Check 2",2,"In","GHFIEJDKCAB",NA,"1-0","1","SUPAMT15646"
"1",1695396539731,"22/09/2023 15:28:59",1695382139731,-4,"22/09/2023 07:28:59",142342,3,"questionnaire-qxhw",NA,31795745,9404115,NA,"complete","iiuqyk","35L9RVQFCUH5ATCVECHJLYF4V36UH4","computer","Desktop or Laptop","Windows 10","Chrome 117.0.0.0","1366x768","1366x619",NA,NA,0,"Attention Check 2",2,"In","DECFBGAHKIJ",NA,"0-2","3","SUPAMT96766"
"1",1695396896580,"22/09/2023 15:34:56",1695382496580,-4,"22/09/2023 07:34:56",142342,3,"questionnaire-qxhw",NA,31795759,9404139,NA,"complete","inqeoj","3I2PTA7R3ZT4KQ6M3O0BOPY7KZ6QK1","computer","Desktop or Laptop","Windows 10","Chrome 116.0.0.0","1366x768","1366x619",NA,NA,0,"Attention Check 2",2,"In","EFDGCHBIAJK",NA,"0-2","3","SUPAMT93128"
"1",1695396691060,"22/09/2023 15:31:31",1695382291060,-4,"22/09/2023 07:31:31",142342,3,"questionnaire-qxhw",NA,31795768,9404138,NA,"complete","iuauqo","3DY4FPOOA7NIC2FYF73IVOJTWKJVRZ","computer","Desktop or Laptop","Windows 10","Chrome 116.0.0.0","1366x768","1366x619",NA,NA,0,"Attention Check 2",2,"In","FGEHDICJBKA",NA,"0-2","3","SUPAMT52075"
"1",1695397140328,"22/09/2023 15:39:00",1695382740328,-4,"22/09/2023 07:39:00",142342,3,"questionnaire-qxhw",NA,31795807,9403872,NA,"complete","unsocv","3Q5ZZ9ZEVUEVW3LNA7F509UPT3R58M","computer","Desktop or Laptop","Windows 10","Chrome 116.0.0.0","1280x1024","1280x875",NA,NA,0,"Attention Check 2",2,"In","KAJBICHDGEF",NA,"1-0","1","SUPAMT02996"
"1",1695398254008,"22/09/2023 15:57:34",1695383854008,-4,"22/09/2023 07:57:34",142342,3,"questionnaire-qxhw",NA,31796075,9404319,NA,"complete","ggalok","3KJYX6QCMFA1EEWL72U9TXX2M3UVJC","computer","Desktop or Laptop","Windows 10","Chrome 116.0.0.0","1366x768","1366x619",NA,NA,0,"Attention Check 2",2,"In","IJHKGAFBECD",NA,"1-0","1","SUPAMT94387"
"1",1695398606401,"22/09/2023 16:03:26",1695384206401,-4,"22/09/2023 08:03:26",142342,3,"questionnaire-qxhw",NA,31796170,9404284,NA,"complete","wdwrpa","3STRJBFXO2QHC6YEKSU6TU9U47ETKT","computer","Desktop or Laptop","Windows 10","Chrome 116.0.0.0","1366x768","1366x619",NA,NA,0,"Attention Check 2",2,"In","HIGJFKEADBC",NA,"1-0","1","SUPAMT61954"
"1",1695398625455,"22/09/2023 16:03:45",1695384225455,-4,"22/09/2023 08:03:45",142342,3,"questionnaire-qxhw",NA,31796349,9404496,NA,"complete","jrdenx","37M28K1J0WCHMQTNW73DXAJP1TQAJN","computer","Desktop or Laptop","Windows 10","Chrome 116.0.0.0","1366x768","1366x619",NA,NA,0,"Attention Check 2",2,"In","ABKCJDIEHFG",NA,"1-0","1","SUPAMT83537"
"1",1695399457744,"22/09/2023 16:17:37",1695385057744,-4,"22/09/2023 08:17:37",142342,3,"questionnaire-qxhw",NA,31796409,9404421,NA,"complete","tobcco","345LHZDED3RQGL5WZRSHH4EUCZ1U3C","computer","Desktop or Laptop","Windows 10","Chrome 117.0.0.0","1366x768","1366x619",NA,NA,0,"Attention Check 2",2,"In","JKIAHBGCFDE",NA,"1-0","1","SUPAMT92791"
"1",1695399509190,"22/09/2023 16:18:29",1695385109190,-4,"22/09/2023 08:18:29",142342,3,"questionnaire-qxhw",NA,31796501,9404424,NA,"complete","egydxs","","computer","Desktop or Laptop","Windows 10","Chrome 116.0.0.0","1364x768","1364x619",NA,NA,0,"Attention Check 2",2,"In","EFDGCHBIAJK",NA,"1-0","1","SUPAMT45504"
"1",1695399754016,"22/09/2023 16:22:34",1695385354016,-4,"22/09/2023 08:22:34",142342,3,"questionnaire-qxhw",NA,31796502,9404354,NA,"complete","hvdnqj","37TRT2X24WQM50YF2L39SL3VJA6BJC","computer","Desktop or Laptop","Windows 10","Chrome 116.0.0.0","1366x691","1366x574",NA,NA,0,"Attention Check 2",2,"In","KAJBICHDGEF",NA,"1-0","1","SUPAMT56870"
"1",1695399911038,"22/09/2023 16:25:11",1695385511038,-4,"22/09/2023 08:25:11",142342,3,"questionnaire-qxhw",NA,31796555,9404518,NA,"complete","eewpdg","","computer","Desktop or Laptop","Windows 10","Chrome 116.0.0.0","1366x768","1366x619",NA,NA,0,"Attention Check 2",2,"In","GHFIEJDKCAB",NA,"1-0","1","SUPAMT59973"
"1",1695421648862,"22/09/2023 22:27:28",1695407248862,-4,"22/09/2023 14:27:28",142342,3,"questionnaire-qxhw",NA,31796593,9404497,NA,"complete","kyywev","352YTHGRO1C6TVIGZ6Q18UHAWRPH4D","computer","Desktop or Laptop","Windows 10","Chrome 116.0.0.0","1280x1024","1280x818",NA,NA,0,"Attention Check 2",2,"In","BCADKEJFIGH",NA,"0-2","3","SUPAMT59973"
"1",1695411203595,"22/09/2023 19:33:23",1695386003595,-7,"22/09/2023 05:33:23",142342,3,"questionnaire-qxhw",NA,31796738,9404498,NA,"complete","lykplo","38SKSKU7R7W2NY0LBG73UNK0IQ7LIB","computer","Desktop or Laptop","Windows 10","Chrome 116.0.0.0","1366x768","1366x619",NA,NA,0,"Attention Check 2",2,"In","CDBEAFKGJHI",NA,"0-2","3","SUPAMT89096"
"1",1695400423097,"22/09/2023 16:33:43",1695386023097,-4,"22/09/2023 08:33:43",142342,3,"questionnaire-qxhw",NA,31796749,9404502,NA,"complete","ogueqe","30H4UDGLT8HEA25AONY23X0149QMPO","computer","Desktop or Laptop","Windows 10","Chrome 117.0.0.0","1366x768","1366x619",NA,NA,0,"Attention Check 2",2,"In","DECFBGAHKIJ",NA,"1-0","1","SUPAMT64663"
"1",1695400665868,"22/09/2023 16:37:45",1695386265868,-4,"22/09/2023 08:37:45",142342,3,"questionnaire-qxhw",NA,31796830,9404645,NA,"complete","jlyebz","3137ONMDKM4AL1KY46KWWGH0UGGEGR","computer","Desktop or Laptop","Windows 10","Chrome 115.0.0.0","1280x800","1280x651",NA,NA,0,"Attention Check 2",2,"In","HIGJFKEADBC",NA,"0-2","3","SUPAMT33488"
"1",1695400533587,"22/09/2023 16:35:33",1695386133587,-4,"22/09/2023 08:35:33",142342,3,"questionnaire-qxhw",NA,31796865,9404724,NA,"complete","bahecz","339ANSOTRB1R3SI3QGV2FN7LTQ4IK7","computer","Desktop or Laptop","Windows 10","Chrome 116.0.0.0","1280x1024","1280x875",NA,NA,0,"Attention Check 2",2,"In","ABKCJDIEHFG",NA,"1-0","1","SUPAMT72971"
"1",1695401273855,"22/09/2023 16:47:53",1695386873855,-4,"22/09/2023 08:47:53",142342,3,"questionnaire-qxhw",NA,31797036,9404563,NA,"complete","cqmisx","34BBWHLWHGAIYSCKFUE53Y1GGXBWIF","computer","Desktop or Laptop","Windows 10","Chrome 116.0.0.0","1366x768","1303x609",NA,NA,0,"Attention Check 2",2,"In","JKIAHBGCFDE",NA,"1-0","1","SUPAMT67412"
"1",1695405236128,"22/09/2023 17:53:56",1695387236128,-5,"22/09/2023 07:53:56",142342,3,"questionnaire-qxhw",NA,31797149,9404752,NA,"complete","rdwieb","39DD6S19JVAACIF3UY8LHNX656BEZH","computer","Desktop or Laptop","Windows 10","Chrome 116.0.0.0","1366x768","1366x651",NA,NA,0,"Attention Check 2",2,"In","CDBEAFKGJHI",NA,"1-0","1","SUPAMT87860"
"1",1695401949763,"22/09/2023 16:59:09",1695387549763,-4,"22/09/2023 08:59:09",142342,3,"questionnaire-qxhw",NA,31797239,9404765,NA,"complete","ciydyo","3HUTX6F6V0M6IYPGZ523ZOHDOZI2O1","computer","Desktop or Laptop","Windows 10","Chrome 117.0.0.0","1366x768","1366x619",NA,NA,0,"Attention Check 2",2,"In","DECFBGAHKIJ",NA,"1-0","1","SUPAMT71272"
"1",1695402094774,"22/09/2023 17:01:34",1695387694774,-4,"22/09/2023 09:01:34",142342,3,"questionnaire-qxhw",NA,31797274,9404777,NA,"complete","esakyg","3RWE2M8QWN9H43MQJ3YC1BOT1RT0N0","computer","Desktop or Laptop","Windows 10","Chrome 117.0.0.0","1366x768","1366x619",NA,NA,0,"Attention Check 2",2,"In","EFDGCHBIAJK",NA,"1-0","1","SUPAMT81044"
"1",1695416571275,"22/09/2023 21:02:51",1695402171275,-4,"22/09/2023 13:02:51",142342,3,"questionnaire-qxhw",NA,31797297,9404661,NA,"complete","nfzfrr","3VAR3R6G1V0H4DR5FMB49FUGAZ9O8P","computer","Desktop or Laptop","Windows 10","Chrome 116.0.0.0","1366x768","1366x619",NA,NA,0,"Attention Check 2",2,"In","IJHKGAFBECD",NA,"1-0","1","SUPAMT65573"
"1",1695402894771,"22/09/2023 17:14:54",1695388494771,-4,"22/09/2023 09:14:54",142342,3,"questionnaire-qxhw",NA,31797521,9404522,NA,"complete","srqjkr","","computer","Desktop or Laptop","Windows 10","Chrome 117.0.0.0","1366x768","1366x768",NA,NA,0,"Attention Check 2",2,"In","FGEHDICJBKA",NA,"1-0","1","SUPAMT72971"
"1",1695423169334,"22/09/2023 22:52:49",1695408769334,-4,"22/09/2023 14:52:49",142342,3,"questionnaire-qxhw",NA,31797566,9404723,NA,"complete","tfrpor","378XPAWRUICLRF9HEPIDL94POEBAIL","computer","Desktop or Laptop","Windows 10","Chrome 116.0.0.0","1440x900","1440x783",NA,NA,0,"Attention Check 2",2,"In","KAJBICHDGEF",NA,"1-0","1","SUPAMT33233"
"1",1695413978312,"22/09/2023 20:19:38",1695388778312,-7,"22/09/2023 06:19:38",142342,3,"questionnaire-qxhw",NA,31797614,9404931,NA,"complete","kfuztt","3N8OEVH1FXPKP5ELM30061KGP4JOOY","computer","Desktop or Laptop","Mac OS 10.15.7","Chrome 116.0.0.0","1440x900","1421x757",NA,NA,0,"Attention Check 2",2,"In","JKIAHBGCFDE",NA,"1-0","1","SUPAMT30660"
"1",1695403185108,"22/09/2023 17:19:45",1695388785108,-4,"22/09/2023 09:19:45",142342,3,"questionnaire-qxhw",NA,31797619,9404953,NA,"complete","rtehfl","39OWYR0EPQQ2D65UTNQ8LY94BDMFY9","computer","Desktop or Laptop","Windows 10","Chrome 117.0.0.0","1366x768","1366x619",NA,NA,0,"Attention Check 2",2,"In","KAJBICHDGEF",NA,"1-0","1","SUPAMT93066"
"1",1695403601929,"22/09/2023 17:26:41",1695389201929,-4,"22/09/2023 09:26:41",142342,3,"questionnaire-qxhw",NA,31797732,9404917,NA,"complete","smyxrh","33PPUNGG3E4ZLMK8G4SLGUWPKV6ZRK","computer","Desktop or Laptop","Windows 10","Chrome 116.0.0.0","1366x768","1366x619",NA,NA,0,"Attention Check 2",2,"In","HIGJFKEADBC",NA,"1-0","1","SUPAMT98941"
"1",1695403646606,"22/09/2023 17:27:26",1695389246606,-4,"22/09/2023 09:27:26",142342,3,"questionnaire-qxhw",NA,31797772,9404748,NA,"complete","olakqu","3OXV7EAXLKP5EAFV39UE1Y0E9DN63Q","computer","Desktop or Laptop","Windows 10","Chrome 116.0.0.0","1364x768","1364x651",NA,NA,0,"Attention Check 2",2,"In","BCADKEJFIGH",NA,"1-0","1","SUPAMT38416"
"1",1695403944908,"22/09/2023 17:32:24",1695389544908,-4,"22/09/2023 09:32:24",142342,3,"questionnaire-qxhw",NA,31797887,9404921,NA,"complete","afnait","3G0WWMR1U1J5SWRP01SRGHFBEVQNQK","computer","Desktop or Laptop","Windows 10","Chrome 117.0.0.0","1366x768","1366x651",NA,NA,0,"Attention Check 2",2,"In","IJHKGAFBECD",NA,"1-0","1","SUPAMT27447"
"1",1695404301930,"22/09/2023 17:38:21",1695389901930,-4,"22/09/2023 09:38:21",142342,3,"questionnaire-qxhw",NA,31798060,9405066,NA,"complete","zgxpnk","34S9DKFK79OE1YIBRB9LT3IDD4HNYX","computer","Desktop or Laptop","Windows 10","Chrome 116.0.0.0","1366x768","1366x619",NA,NA,0,"Attention Check 2",2,"In","FGEHDICJBKA",NA,"1-0","1","SUPAMT75668"
"1",1695404398416,"22/09/2023 17:39:58",1695389998416,-4,"22/09/2023 09:39:58",142342,3,"questionnaire-qxhw",NA,31798120,9404710,NA,"rejected - time limit reached","","","computer","Desktop or Laptop","Windows 10","Chrome 116.0.0.0","1364x768","1364x619",NA,NA,0,"Attention Check 2",2,"In","DECFBGAHKIJ",NA,"1-0","1","SUPAMT30660"
"1",1695404673709,"22/09/2023 17:44:33",1695390273709,-4,"22/09/2023 09:44:33",142342,3,"questionnaire-qxhw",NA,31798216,9405071,NA,"complete","dxjzbu","3GNCZX450OMD81WLRK8XU651ASEPAK","computer","Desktop or Laptop","Windows 10","Chrome 116.0.0.0","1366x768","1366x619",NA,NA,0,"Attention Check 2",2,"In","GHFIEJDKCAB",NA,"1-0","1","SUPAMT90439"
"1",1695404714160,"22/09/2023 17:45:14",1695390314160,-4,"22/09/2023 09:45:14",142342,3,"questionnaire-qxhw",NA,31798230,9405097,NA,"complete","ywkopi","386PBUZZXLWYI9KRTYS36OZ0V58JLX","computer","Desktop or Laptop","Windows 10","Chrome 116.0.0.0","1366x768","1366x619",NA,NA,0,"Attention Check 2",2,"In","JKIAHBGCFDE",NA,"1-0","1","SUPAMT12765"
"1",1695405070203,"22/09/2023 17:51:10",1695390670203,-4,"22/09/2023 09:51:10",142342,3,"questionnaire-qxhw",NA,31798354,9404749,NA,"complete","peppim","3WMOAN2SRHWXX4N6M0M1M4EJVN6NVF","computer","Desktop or Laptop","Windows 10","Chrome 116.0.0.0","1920x1080","1920x931",NA,NA,0,"Attention Check 2",2,"In","BCADKEJFIGH",NA,"1-0","1","SUPAMT87563"
"1",1695405154821,"22/09/2023 17:52:34",1695390754821,-4,"22/09/2023 09:52:34",142342,3,"questionnaire-qxhw",NA,31798397,9405125,NA,"complete","rcbjml","3CFVK00FWRKMUE5K9FYEXKUV9ZEL6J","computer","Desktop or Laptop","Windows 10","Chrome 116.0.0.0","1366x768","1366x619",NA,NA,0,"Attention Check 2",2,"In","ABKCJDIEHFG",NA,"1-0","1","SUPAMT84418"
"1",1695405170967,"22/09/2023 17:52:50",1695390770967,-4,"22/09/2023 09:52:50",142342,3,"questionnaire-qxhw",NA,31798404,9405106,NA,"complete","dghvgd","3S0TNUHWKZHQ0G0GPDXOYLIH6L8D8N","computer","Desktop or Laptop","Windows 10","Chrome 116.0.0.0","1366x768","1366x619",NA,NA,0,"Attention Check 2",2,"In","KAJBICHDGEF",NA,"1-0","1","SUPAMT51859"
"1",1695405176498,"22/09/2023 17:52:56",1695390776498,-4,"22/09/2023 09:52:56",142342,3,"questionnaire-qxhw",NA,31798406,9404998,NA,"complete","ohcvdh","3AMYWKA6YHLU0Z8HM7E6P1YP44J6OL","computer","Desktop or Laptop","Windows 10","Chrome 116.0.0.0","1364x768","1364x651",NA,NA,0,"Attention Check 2",2,"In","ABKCJDIEHFG",NA,"1-0","1","SUPAMT66477"
"1",1695427184276,"22/09/2023 23:59:44",1695412784276,-4,"22/09/2023 15:59:44",142342,3,"questionnaire-qxhw",NA,31798554,9404534,NA,"rejected - time limit reached","","","computer","Desktop or Laptop","Windows 10","Chrome 116.0.0.0","1366x768","1366x619",NA,NA,0,"Attention Check 2",2,"In","EFDGCHBIAJK",NA,"1-0","1","SUPAMT73724"
"1",1695405588965,"22/09/2023 17:59:48",1695391188965,-4,"22/09/2023 09:59:48",142342,3,"questionnaire-qxhw",NA,31798571,9404994,NA,"complete","cvasbi","3AMYWKA6YHLU0Z8HM7E6P1YP44RO6B","computer","Desktop or Laptop","Windows 10","Chrome 116.0.0.0","1024x768","1024x768",NA,NA,0,"Attention Check 2",2,"In","CDBEAFKGJHI",NA,"1-0","1","SUPAMT62430"
"1",1695409482383,"22/09/2023 19:04:42",1695391482383,-5,"22/09/2023 09:04:42",142342,3,"questionnaire-qxhw",NA,31798756,9405182,NA,"complete","gcujys","3Q5ZZ9ZEVUEVW3LNA7F509UPT4J85J","computer","Desktop or Laptop","Windows 10","Chrome 116.0.0.0","1920x1080","1920x1003",NA,NA,0,"Attention Check 2",2,"In","CDBEAFKGJHI",NA,"1-0","1","SUPAMT34589"
"1",1695406076617,"22/09/2023 18:07:56",1695391676617,-4,"22/09/2023 10:07:56",142342,3,"questionnaire-qxhw",NA,31798922,9405084,NA,"rejected - time limit reached","","3YZ8UPK3VZLETL1FSK3IA7IOICRCU5","computer","Desktop or Laptop","Windows 10","Chrome 116.0.0.0","1024x768","1024x619",NA,NA,0,"Attention Check 2",2,"In","HIGJFKEADBC",NA,"1-0","1","SUPAMT73724"
"1",1695406533118,"22/09/2023 18:15:33",1695392133118,-4,"22/09/2023 10:15:33",142342,3,"questionnaire-qxhw",NA,31799314,9405078,NA,"complete","igqull","3XIQGXAUMI70Y80E686UESPEBJGX7O","computer","Desktop or Laptop","Windows 10","Chrome 116.0.0.0","1366x768","1366x619",NA,NA,0,"Attention Check 2",2,"In","IJHKGAFBECD",NA,"1-0","1","SUPAMT27562"
"1",1695406421880,"22/09/2023 18:13:41",1695392021880,-4,"22/09/2023 10:13:41",142342,3,"questionnaire-qxhw",NA,31799384,9405329,NA,"complete","jedpgq","3B2X28YI32EAH5J8I29KJHYQX5IB64","computer","Desktop or Laptop","Windows 10","Chrome 114.0.0.0","1440x900","1440x757",NA,NA,0,"Attention Check 2",2,"In","GHFIEJDKCAB",NA,"1-0","1","SUPAMT01065"
"1",1695406742246,"22/09/2023 18:19:02",1695392342246,-4,"22/09/2023 10:19:02",142342,3,"questionnaire-qxhw",NA,31799467,9405157,NA,"complete","mzznys","3SB5N7Y3O93BUB54WZLHBRFW0FK0G5","computer","Desktop or Laptop","Windows 10","Chrome 116.0.0.0","1366x768","1355x601",NA,NA,0,"Attention Check 2",2,"In","BCADKEJFIGH",NA,"1-0","1","SUPAMT42239"
"1",1695407938405,"22/09/2023 18:38:58",1695393538405,-4,"22/09/2023 10:38:58",142342,3,"questionnaire-qxhw",NA,31799854,9405371,NA,"complete","teeyne","3Z7VU45IP4GBSHLRIAD6A3ECGXSZ14","computer","Desktop or Laptop","Windows 10","Chrome 116.0.0.0","1366x768","1366x619",NA,NA,0,"Attention Check 2",2,"In","HIGJFKEADBC",NA,"1-0","1","SUPAMT05446"
"1",1695408382147,"22/09/2023 18:46:22",1695393982147,-4,"22/09/2023 10:46:22",142342,3,"questionnaire-qxhw",NA,31800027,9405264,NA,"complete","jwxviw","3J88R45B2MXP4E4E2U0BEEGZBDVPXW","computer","Desktop or Laptop","Windows 10","Chrome 116.0.0.0","1366x768","1366x619",NA,NA,0,"Attention Check 2",2,"In","FGEHDICJBKA",NA,"1-0","1","SUPAMT15911"
"1",1695408939984,"22/09/2023 18:55:39",1695394539984,-4,"22/09/2023 10:55:39",142342,3,"questionnaire-qxhw",NA,31800313,9405491,NA,"complete","kryqlt","3B1NLC6UG5VEIS9ODK07QSG48O8PGF","computer","Desktop or Laptop","Windows 10","Chrome 116.0.0.0","1280x1024","1280x875",NA,NA,0,"Attention Check 2",2,"In","IJHKGAFBECD",NA,"0-2","3","SUPAMT36280"
"1",1695409385631,"22/09/2023 19:03:05",1695394985631,-4,"22/09/2023 11:03:05",142342,3,"questionnaire-qxhw",NA,31800558,9405549,NA,"complete","sngdin","3RRCEFRB7SBW2IFUZEG5MJEC1E6B4D","computer","Desktop or Laptop","Windows 10","Chrome 117.0.0.0","1366x768","1366x619",NA,NA,0,"Attention Check 2",2,"In","KAJBICHDGEF",NA,"1-0","1","SUPAMT14901"
"1",1695410894123,"22/09/2023 19:28:14",1695396494123,-4,"22/09/2023 11:28:14",142342,3,"questionnaire-qxhw",NA,31801502,9405652,NA,"complete","rppqtt","3OUYGIZWRDXH7OY3ZIB450TO17OP0H","computer","Desktop or Laptop","Windows 10","Chrome 117.0.0.0","1364x768","1364x619",NA,NA,0,"Attention Check 2",2,"In","ABKCJDIEHFG",NA,"1-0","1","SUPAMT76708"
"1",1695411994161,"22/09/2023 19:46:34",1695397594161,-4,"22/09/2023 11:46:34",142342,3,"questionnaire-qxhw",NA,31801891,9405799,NA,"complete","fpuczw","3TDXMTX3CHTK4DXEOC115423SVTI6B","computer","Desktop or Laptop","Windows 10","Chrome 117.0.0.0","1280x1024","1270x808",NA,NA,0,"Attention Check 2",2,"In","BCADKEJFIGH",NA,"1-0","1","SUPAMT74387"
"1",1695412086717,"22/09/2023 19:48:06",1695397686717,-4,"22/09/2023 11:48:06",142342,3,"questionnaire-qxhw",NA,31801999,9405815,NA,"complete","wfzwql","32ZKVD547LMBKMWQZ0BMCEM6NF13BD","computer","Desktop or Laptop","Windows 10","Chrome 117.0.0.0","1366x768","1366x619",NA,NA,0,"Attention Check 2",2,"In","CDBEAFKGJHI",NA,"1-0","1","SUPAMT41593"
"1",1695412507552,"22/09/2023 19:55:07",1695398107552,-4,"22/09/2023 11:55:07",142342,3,"questionnaire-qxhw",NA,31802035,9405805,NA,"complete","zyknjb","34V1S5K3GY0RTC4BKIVOSB3096069C","computer","Desktop or Laptop","Windows 10","Chrome 116.0.0.0","1366x768","1366x619",NA,NA,0,"Attention Check 2",2,"In","DECFBGAHKIJ",NA,"1-0","1","SUPAMT26473"
"1",1695429011188,"23/09/2023 00:30:11",1695414611188,-4,"22/09/2023 16:30:11",142342,3,"questionnaire-qxhw",NA,31802493,9405926,NA,"complete","evszdo","3HMIGG0U4R5TYRV7L9K2B6SIOAG8YU","computer","Desktop or Laptop","Windows 10","Chrome 116.0.0.0","1366x768","1366x619",NA,NA,0,"Attention Check 2",2,"In","EFDGCHBIAJK",NA,"1-0","1","SUPAMT32301"
"1",1695415673545,"22/09/2023 20:47:53",1695401273545,-4,"22/09/2023 12:47:53",142342,3,"questionnaire-qxhw",NA,31802725,9405985,NA,"complete","xtfgde","3WJ1OXY92GFS29X4536M8KABLJIA8R","computer","Desktop or Laptop","Windows 10","Chrome 116.0.0.0","1280x1024","1280x875",NA,NA,0,"Attention Check 2",2,"In","GHFIEJDKCAB",NA,"1-0","1","SUPAMT90747"
"1",1695430548465,"23/09/2023 00:55:48",1695416148465,-4,"22/09/2023 16:55:48",142342,3,"questionnaire-qxhw",NA,31802880,9405962,NA,"complete","wznttr","3TDXMTX3CHTK4DXEOC115423SWYI6I","computer","Desktop or Laptop","Windows 10","Chrome 115.0.0.0","1280x1024","1280x875",NA,NA,0,"Attention Check 2",2,"In","FGEHDICJBKA",NA,"1-0","1","SUPAMT70678"
"1",1695415600582,"22/09/2023 20:46:40",1695401200582,-4,"22/09/2023 12:46:40",142342,3,"questionnaire-qxhw",NA,31802885,9406027,NA,"complete","fptjbc","3GNCZX450OMD81WLRK8XU651ATJPAR","computer","Desktop or Laptop","Windows 10","Chrome 116.0.0.0","1280x1024","1280x875",NA,NA,0,"Attention Check 2",2,"In","IJHKGAFBECD",NA,"1-0","1","SUPAMT06342"
"1",1695417228910,"22/09/2023 21:13:48",1695402828910,-4,"22/09/2023 13:13:48",142342,3,"questionnaire-qxhw",NA,31803064,9406013,NA,"complete","fqojed","3STRJBFXO2QHC6YEKSU6TU9U48ZKT7","computer","Desktop or Laptop","Windows 10","Chrome 116.0.0.0","1280x1024","1280x875",NA,NA,0,"Attention Check 2",2,"In","HIGJFKEADBC",NA,"1-0","1","SUPAMT66344"
"1",1695418313126,"22/09/2023 21:31:53",1695403913126,-4,"22/09/2023 13:31:53",142342,3,"questionnaire-qxhw",NA,31803290,9406061,NA,"complete","ygdlai","39LNWE0K40V56ONFKUZ4LAGJVIMIUQ","computer","Desktop or Laptop","Windows 10","Chrome 116.0.0.0","1280x1024","1280x875",NA,NA,0,"Attention Check 2",2,"In","JKIAHBGCFDE",NA,"1-0","1","SUPAMT42417"
"1",1695419021557,"22/09/2023 21:43:41",1695404621557,-4,"22/09/2023 13:43:41",142342,3,"questionnaire-qxhw",NA,31803488,9406144,NA,"complete","zfssto","3QJOXOW4XPQADBGKF9IR9L1XQ3CMET","computer","Desktop or Laptop","Windows 10","Chrome 117.0.0.0","1280x1024","1280x875",NA,NA,0,"Attention Check 2",2,"In","KAJBICHDGEF",NA,"0","4","SUPAMT28513"
"1",1695434141561,"23/09/2023 01:55:41",1695419741561,-4,"22/09/2023 17:55:41",142342,3,"questionnaire-qxhw",NA,31803600,9406187,NA,"complete","jvhvke","3EF8EXOTT7ULS2GN0OAKM9QMX1J1JT","computer","Desktop or Laptop","Windows 10","Chrome 115.0.0.0","1280x1024","1280x907",NA,NA,0,"Attention Check 2",2,"In","DECFBGAHKIJ",NA,"1-0","1","SUPAMT87668"
"1",1695420035312,"22/09/2023 22:00:35",1695405635312,-4,"22/09/2023 14:00:35",142342,3,"questionnaire-qxhw",NA,31803642,9406130,NA,"complete","iqkgug","33JKGHPFYITE7HTX88LAZ8V64VGMNL","computer","Desktop or Laptop","Windows 10","Chrome 117.0.0.0","1280x1024","1280x875",NA,NA,0,"Attention Check 2",2,"In","BCADKEJFIGH",NA,"1-0","1","SUPAMT90095"
"1",1695420839626,"22/09/2023 22:13:59",1695406439626,-4,"22/09/2023 14:13:59",142342,3,"questionnaire-qxhw",NA,31803816,9406137,NA,"complete","wezxrn","3HUTX6F6V0M6IYPGZ523ZOHDO042OP","computer","Desktop or Laptop","Windows 10","Chrome 115.0.0.0","1280x1024","1280x875",NA,NA,0,"Attention Check 2",2,"In","ABKCJDIEHFG",NA,"1-0","1","SUPAMT41927"
"1",1695423474082,"22/09/2023 22:57:54",1695409074082,-4,"22/09/2023 14:57:54",142342,3,"questionnaire-qxhw",NA,31804307,9406387,NA,"complete","bnwbrr","3EA3QWIZ4OUQ6B8QKP9UGEUHC5TTIQ","computer","Desktop or Laptop","Windows 10","Chrome 116.0.0.0","1366x768","1366x619",NA,NA,0,"Attention Check 2",2,"In","FGEHDICJBKA",NA,"1-0","1","SUPAMT41436"
"1",1695450736344,"23/09/2023 06:32:16",1695436336344,-4,"22/09/2023 22:32:16",142342,3,"questionnaire-qxhw",NA,31805168,9406565,NA,"complete","tyduiy","3G5F9DBFOVW5N81VJ2ROHKHN9D2VHN","computer","Desktop or Laptop","Windows 10","Chrome 116.0.0.0","1280x1024","1280x875",NA,NA,0,"Attention Check 2",2,"In","HIGJFKEADBC",NA,"1-0","1","SUPAMT98911"
"1",1695455726392,"23/09/2023 07:55:26",1695441326392,-4,"22/09/2023 23:55:26",142342,3,"questionnaire-qxhw",NA,31805856,9406858,NA,"complete","uuylqg","3NVC2EB65WY7XUP19SP6KPK78PYY34","computer","Desktop or Laptop","Windows 10","Chrome 116.0.0.0","1280x1024","1280x875",NA,NA,0,"Attention Check 2",2,"In","IJHKGAFBECD",NA,"1-0","1","SUPAMT40441"
"1",1695437135889,"23/09/2023 02:45:35",1695422735889,-4,"22/09/2023 18:45:35",142342,3,"questionnaire-qxhw",NA,31806152,9407159,NA,"complete","ntjwrl","3RJSC4XJ16TDEEGKF32Q7UO7A9K057","computer","Desktop or Laptop","Windows 10","Chrome 116.0.0.0","1280x1024","1280x875",NA,NA,0,"Attention Check 2",2,"In","JKIAHBGCFDE",NA,"1-0","1","SUPAMT30509"
"1",1695459806741,"23/09/2023 09:03:26",1695445406741,-4,"23/09/2023 01:03:26",142342,3,"questionnaire-qxhw",NA,31806217,9407161,NA,"complete","avuatb","3SITXWYCN18N0K34JPIAJUBAUCQXBZ","computer","Desktop or Laptop","Windows 10","Chrome 116.0.0.0","1280x1024","1280x875",NA,NA,0,"Attention Check 2",2,"In","KAJBICHDGEF",NA,"1-0","1","SUPAMT89484"
"1",1695477404579,"23/09/2023 13:56:44",1695463004579,-4,"23/09/2023 05:56:44",142342,3,"questionnaire-qxhw",NA,31808346,9407652,NA,"complete","amasiz","","computer","Desktop or Laptop","Windows 10","Chrome 116.0.0.0","1364x768","1364x619",NA,NA,0,"Attention Check 2",2,"In","BCADKEJFIGH",NA,"1-0","1","SUPAMT77666"
"1",1695479526535,"23/09/2023 14:32:06",1695465126535,-4,"23/09/2023 06:32:06",142342,3,"questionnaire-qxhw",NA,31808759,9407689,NA,"complete","lgflvt","","computer","Desktop or Laptop","Windows 10","Chrome 116.0.0.0","1364x768","1364x619",NA,NA,0,"Attention Check 2",2,"In","CDBEAFKGJHI",NA,"1-0","1","SUPAMT15084"
"1",1695481960422,"23/09/2023 15:12:40",1695467560422,-4,"23/09/2023 07:12:40",142342,3,"questionnaire-qxhw",NA,31809539,9407704,NA,"complete","mlipof","","computer","Desktop or Laptop","Windows 10","Chrome 116.0.0.0","1364x768","1364x619",NA,NA,0,"Attention Check 2",2,"In","DECFBGAHKIJ",NA,"1-0","1","SUPAMT77319"
"1",1695518080814,"24/09/2023 01:14:40",1695500080814,-5,"23/09/2023 15:14:40",142342,3,"questionnaire-qxhw",NA,31819722,9409770,NA,"complete","ddcics","35L9RVQFCUH5ATCVECHJLYF4VA9UHL","computer","Desktop or Laptop","Windows 10","Chrome 116.0.0.0","1536x864","1536x715",NA,NA,0,"Attention Check 2",2,"In","GHFIEJDKCAB",NA,"1-0","1","SUPAMT44058"
"1",1695518957119,"24/09/2023 01:29:17",1695500957119,-5,"23/09/2023 15:29:17",142342,3,"questionnaire-qxhw",NA,31819872,9409835,NA,"complete","lqmhjk","3R3YRB5GRL2Q064H867R4CS0IGOAUX","computer","Desktop or Laptop","Mac OS 10.15.7","Chrome 117.0.0.0","1442x776","1440x769",NA,NA,0,"Attention Check 2",2,"In","HIGJFKEADBC",NA,"1-0","1","SUPAMT69651"
"1",1695519178730,"24/09/2023 01:32:58",1695504778730,-4,"23/09/2023 17:32:58",142342,3,"questionnaire-qxhw",NA,31820307,9409900,NA,"complete","gdnojg","3OCHAWUVGUJOTN7YP2V3IXU0HAEKXT","computer","Desktop or Laptop","Windows 10","Chrome 116.0.0.0","1364x768","1364x619",NA,NA,0,"Attention Check 2",2,"In","IJHKGAFBECD",NA,"1-0","1","SUPAMT70104"
"1",1695606647140,"25/09/2023 01:50:47",1695592247140,-4,"24/09/2023 17:50:47",142342,3,"questionnaire-qxhw",NA,31827356,9411192,NA,"complete","czhhrg","3AAPLD8UCIGQAGX6E7R9G2T2C03HTQ","computer","Desktop or Laptop","Windows 10","Chrome 117.0.0.0","1366x768","1366x619",NA,NA,0,"Attention Check 2",2,"In","JKIAHBGCFDE",NA,"1-0","1","SUPAMT58446"
"1",1695649436553,"25/09/2023 13:43:56",1695635036553,-4,"25/09/2023 05:43:56",142342,3,"questionnaire-qxhw",NA,31832908,9412697,NA,"complete","jmncwg","3MMN5BL1W5373D0NQP1VQUX0ZQM3M7","computer","Desktop or Laptop","Windows 10","Chrome 116.0.0.0","1366x768","1366x619",NA,NA,0,"Attention Check 2",2,"In","KAJBICHDGEF",NA,"1-0","1","SUPAMT20908"
"1",1695650940982,"25/09/2023 14:09:00",1695636540982,-4,"25/09/2023 06:09:00",142342,3,"questionnaire-qxhw",NA,31834527,9412992,NA,"complete","bdgjxy","37W3JXSD6C74OSRPJC08PMV46TYYW2","computer","Desktop or Laptop","Windows 10","Chrome 116.0.0.0","1366x768","1366x619",NA,NA,0,"Attention Check 2",2,"In","ABKCJDIEHFG",NA,"1-0","1","SUPAMT27268"
"1",1695656434422,"25/09/2023 15:40:34",1695642034422,-4,"25/09/2023 07:40:34",142342,3,"questionnaire-qxhw",NA,31841349,9414687,NA,"complete","vasbre","3CP1TO84PZ0KAOJYUQ64QIHM7I852M","computer","Desktop or Laptop","Windows 10","Chrome 116.0.0.0","1366x768","1366x651",NA,NA,0,"Attention Check 2",2,"In","BCADKEJFIGH",NA,"1-0","1","SUPAMT23841"
"1",1695658702019,"25/09/2023 16:18:22",1695644302019,-4,"25/09/2023 08:18:22",142342,3,"questionnaire-qxhw",NA,31842196,9414902,NA,"complete","quvocn","3EO896NRA2UM1MSW27UUSF9HPWMJTK","computer","Desktop or Laptop","Windows 10","Chrome 115.0.0.0","1366x768","1366x619",NA,NA,0,"Attention Check 2",2,"In","CDBEAFKGJHI",NA,"1-0","1","SUPAMT84161"
"1",1695663993940,"25/09/2023 17:46:33",1695645993940,-5,"25/09/2023 07:46:33",142342,3,"questionnaire-qxhw",NA,31842996,9414922,NA,"complete","dgvzfw","3HRMW88U1CPBML1Q72JCOWZTWFG0MP","computer","Desktop or Laptop","Windows 10","Chrome 116.0.0.0","1280x1024","1280x907",NA,NA,0,"Attention Check 2",2,"In","DECFBGAHKIJ",NA,"1-0","1","SUPAMT72685"
"1",1695660458813,"25/09/2023 16:47:38",1695646058813,-4,"25/09/2023 08:47:38",142342,3,"questionnaire-qxhw",NA,31843030,9414936,NA,"complete","nytoud","3TYCR1GOTIIOIOPVBKVPUINQEHCZLH","computer","Desktop or Laptop","Windows 10","Chrome 116.0.0.0","1366x768","1366x651",NA,NA,0,"Attention Check 2",2,"In","EFDGCHBIAJK",NA,"1-0","1","SUPAMT18662"
"1",1695663505957,"25/09/2023 17:38:25",1695649105957,-4,"25/09/2023 09:38:25",142342,3,"questionnaire-qxhw",NA,31844608,9415547,NA,"complete","xjmqhb","3PW9OPU9PWJLM6IFT34SNS45V2O21M","computer","Desktop or Laptop","Windows 10","Chrome 116.0.0.0","1366x768","1707x773",NA,NA,0,"Attention Check 2",2,"In","GHFIEJDKCAB",NA,"0-2","3","SUPAMT23563"
"1",1695674203311,"25/09/2023 20:36:43",1695659803311,-4,"25/09/2023 12:36:43",142342,3,"questionnaire-qxhw",NA,31854807,9418031,NA,"complete","wccshs","3XXU1SWE8SUAKKS1AZT7F54T2ZAA00","computer","Desktop or Laptop","Windows 10","Chrome 116.0.0.0","1280x1024","1280x875",NA,NA,0,"Attention Check 2",2,"In","HIGJFKEADBC",NA,"1-0","1","SUPAMT83214"
"1",1695674275712,"25/09/2023 20:37:55",1695659875712,-4,"25/09/2023 12:37:55",142342,3,"questionnaire-qxhw",NA,31854844,9418048,NA,"complete","khgpcl","3KOPY89HME1H25U2NSO3A25JVY63JM","computer","Desktop or Laptop","Windows 10","Chrome 116.0.0.0","1366x768","1366x611",NA,NA,0,"Attention Check 2",2,"In","IJHKGAFBECD",NA,"1-0","1","SUPAMT29203"
"1",1695674739825,"25/09/2023 20:45:39",1695660339825,-4,"25/09/2023 12:45:39",142342,3,"questionnaire-qxhw",NA,31855221,9418214,NA,"complete","otbvst","3CP1TO84PZ0KAOJYUQ64QIHM7JR527","computer","Desktop or Laptop","Windows 10","Chrome 116.0.0.0","1280x1024","1280x875",NA,NA,0,"Attention Check 2",2,"In","JKIAHBGCFDE",NA,"1-0","1","SUPAMT60718"
"1",1695690644612,"26/09/2023 01:10:44",1695676244612,-4,"25/09/2023 17:10:44",142342,3,"questionnaire-qxhw",NA,31856361,9418455,NA,"complete","cgixpn","3R5F3LQFV8JWO9SSOCBHMZRK9N4OZC","computer","Desktop or Laptop","Windows 10","Chrome 115.0.0.0","1280x1024","1280x907",NA,NA,0,"Attention Check 2",2,"In","KAJBICHDGEF",NA,"1-0","1","SUPAMT85380"
"1",1695676382844,"25/09/2023 21:13:02",1695661982844,-4,"25/09/2023 13:13:02",142342,3,"questionnaire-qxhw",NA,31856474,9418604,NA,"complete","rfythg","3R6BYFZZPDBDD1FKOR462K2V9M6XFT","computer","Desktop or Laptop","Windows 10","Chrome 116.0.0.0","1280x1024","1280x875",NA,NA,0,"Attention Check 2",2,"In","ABKCJDIEHFG",NA,"1-0","1","SUPAMT43401"
"1",1695680407006,"25/09/2023 22:20:07",1695666007006,-4,"25/09/2023 14:20:07",142342,3,"questionnaire-qxhw",NA,31858784,9419368,NA,"complete","qqtkyb","3U8YCDAGXVF270ZIZVQT55JY6I90QC","computer","Desktop or Laptop","Windows 10","Chrome 116.0.0.0","1280x1024","1280x875",NA,NA,0,"Attention Check 2",2,"In","BCADKEJFIGH",NA,"1-0","1","SUPAMT40310"
"1",1695696526352,"26/09/2023 02:48:46",1695671326352,-7,"25/09/2023 12:48:46",142342,3,"questionnaire-qxhw",NA,31861168,9419974,NA,"complete","ruqsbl","392CY0QWG7Q6PQT05O8M86IPWKR4IC","computer","Desktop or Laptop","Windows 10","Chrome 116.0.0.0","1280x800","1280x675",NA,NA,0,"Attention Check 2",2,"In","CDBEAFKGJHI",NA,"1-0","1","SUPAMT33974"
"1",1695697903853,"26/09/2023 03:11:43",1695683503853,-4,"25/09/2023 19:11:43",142342,3,"questionnaire-qxhw",NA,31866114,9421349,NA,"complete","wmqchz","3S3AMIZX304SCJQT6PDT07E0WTNDCL","computer","Desktop or Laptop","Windows 10","Chrome 117.0.0.0","1600x900","1238x734",NA,NA,0,"Attention Check 2",2,"In","DECFBGAHKIJ",NA,"1-0","1","SUPAMT34644"
"1",1695712521686,"26/09/2023 07:15:21",1695698121686,-4,"25/09/2023 23:15:21",142342,3,"questionnaire-qxhw",NA,31868150,9422132,NA,"complete","atelux","3CFVK00FWRKMUE5K9FYEXKUV9HAL6F","computer","Desktop or Laptop","Windows 10","Chrome 116.0.0.0","1024x768","1024x619",NA,NA,0,"Attention Check 2",2,"In","EFDGCHBIAJK",NA,"1-0","1","SUPAMT56785"
"1",1695713983791,"26/09/2023 07:39:43",1695699583791,-4,"25/09/2023 23:39:43",142342,3,"questionnaire-qxhw",NA,31868251,9422192,NA,"complete","qridjb","3GS6S824SWWACTNBCARX86XX2E7NWO","computer","Desktop or Laptop","Windows 10","Chrome 116.0.0.0","1366x768","1366x619",NA,NA,0,"Attention Check 2",2,"In","FGEHDICJBKA",NA,"0-2","3","SUPAMT65725"
"1",1695720332659,"26/09/2023 09:25:32",1695705932659,-4,"26/09/2023 01:25:32",142342,3,"questionnaire-qxhw",NA,31868888,9422325,NA,"complete","qvumrb","3URFVVM16BHR1ECPKYNQL5J9RCKUZT","computer","Desktop or Laptop","Windows 10","Chrome 115.0.0.0","1366x768","1366x619",NA,NA,0,"Attention Check 2",2,"In","GHFIEJDKCAB",NA,"1-0","1","SUPAMT04851"
"1",1695729494828,"26/09/2023 11:58:14",1695715094828,-4,"26/09/2023 03:58:14",142342,3,"questionnaire-qxhw",NA,31870027,9422777,NA,"complete","hqjoxw","3U4J9857OKATL5XD1CECPVYMSZI7BH","computer","Desktop or Laptop","Windows 10","Chrome 116.0.0.0","1536x864","1536x715",NA,NA,0,"Attention Check 2",2,"In","HIGJFKEADBC",NA,"1-0","1","SUPAMT18538"
