"Event.Index","UTC.Timestamp","UTC.Date.and.Time","Local.Timestamp","Local.Timezone","Local.Date.and.Time","Experiment.ID","Experiment.Version","Tree.Node.Key","Repeat.Key","Schedule.ID","Participant.Private.ID","Participant.Starting.Group","Participant.Status","Participant.Completion.Code","Participant.External.Session.ID","Participant.Device.Type","Participant.Device","Participant.OS","Participant.Browser","Participant.Monitor.Size","Participant.Viewport.Size","Checkpoint","Room.ID","Room.Order","Task.Name","Task.Version","branch.hkzp","order.ot79","branch.mcuq","branch.4fv7","randomiser.vjic","Slider_LH.object.2.Value","Random_ID"
"1",1707930076448,"14/02/2024 17:01:16",1707930076448,0,"14/02/2024 17:01:16",163173,5,"questionnaire-txxf",NA,35148715,10387172,NA,"complete",NA,"65ccedc52a3ceca2b3cf12bd","computer","Desktop or Laptop","Windows 10","Chrome 121.0.0.0","1920x1080","1920x911",NA,NA,0,"Life Happiness",2,"In","ABLCKDJEIFHG",NA,"In",3,"-64","MDPRF13138"
"1",1707929861666,"14/02/2024 16:57:41",1707929861666,0,"14/02/2024 16:57:41",163173,5,"questionnaire-txxf",NA,35148405,10387256,NA,"complete",NA,"65ccef2df33e7edc2ba99fc6","computer","Desktop or Laptop","Mac OS 10.15.7","Chrome 121.0.0.0","1440x900","1440x813",NA,NA,0,"Life Happiness",2,"In","BCADLEKFJGIH",NA,"In",2,"-18","MDPRF63569"
"1",1707930215617,"14/02/2024 17:03:35",1707930215617,0,"14/02/2024 17:03:35",163173,5,"questionnaire-txxf",NA,35148934,10387405,NA,"complete",NA,"65ccf1d0bc4382242747e329","computer","Desktop or Laptop","Windows 10","Chrome 121.0.0.0","1366x768","1366x641",NA,NA,0,"Life Happiness",2,"In","GHFIEJDKCLBA",NA,"In",1,"13","MDPRF47263"
"1",1707930256353,"14/02/2024 17:04:16",1707930256353,0,"14/02/2024 17:04:16",163173,5,"questionnaire-txxf",NA,35148983,10387416,NA,"complete",NA,"65ccf21a22345f20629be59e","computer","Desktop or Laptop","Mac OS 10.15.7","Chrome 120.0.0.0","1470x956","1470x765",NA,NA,0,"Life Happiness",2,"In","FGEHDICJBKAL",NA,"In",4,"-42","MDPRF99152"
"1",1707930378597,"14/02/2024 17:06:18",1707930378597,0,"14/02/2024 17:06:18",163173,5,"questionnaire-txxf",NA,35149153,10387373,NA,"complete",NA,"65ccf14d7ceb9cd7d4dfa1ae","computer","Desktop or Laptop","Chromium OS 14816.131.0","Chrome 103.0.0.0","1536x864","1536x714",NA,NA,0,"Life Happiness",2,"In","EFDGCHBIAJLK",NA,"In",1,"-56","MDPRF79833"
"1",1707930552967,"14/02/2024 17:09:12",1707930552967,0,"14/02/2024 17:09:12",163173,5,"questionnaire-txxf",NA,35149370,10387466,NA,"complete",NA,"65ccf2f9b0efb42d0625139b","computer","Desktop or Laptop","Windows 10","Opera 106.0.0.0","1920x1080","1879x970",NA,NA,0,"Life Happiness",2,"In","HIGJFKELDACB",NA,"In",3,"-100","MDPRF09500"
"1",1707930576291,"14/02/2024 17:09:36",1707930576291,0,"14/02/2024 17:09:36",163173,5,"questionnaire-txxf",NA,35149394,10387326,NA,"complete",NA,"65ccf0a22a3ceca2b3cf1375","computer","Desktop or Laptop","Windows 10","Chrome 121.0.0.0","1536x864","1536x703",NA,NA,0,"Life Happiness",2,"In","CDBEAFLGKHJI",NA,"In",4,"3","MDPRF73191"
"1",1707930612800,"14/02/2024 17:10:12",1707930612800,0,"14/02/2024 17:10:12",163173,5,"questionnaire-txxf",NA,35149435,10387342,NA,"complete",NA,"65ccf0d7a3af9ad5691c1ee2","computer","Desktop or Laptop","Mac OS 10.15.7","Chrome 121.0.0.0","1440x900","1440x813",NA,NA,0,"Life Happiness",2,"In","DECFBGAHLIKJ",NA,"In",2,"-65","MDPRF12765"
"1",1707930725753,"14/02/2024 17:12:05",1707930725753,0,"14/02/2024 17:12:05",163173,5,"questionnaire-txxf",NA,35149579,10387477,NA,"complete",NA,"65ccf353b2a96acb3c9be840","computer","Desktop or Laptop","Windows 10","Edge 121.0.0.0","1280x720","1272x598",NA,NA,0,"Life Happiness",2,"In","IJHKGLFAEBDC",NA,"In",3,"-37","MDPRF36184"
"1",1707930904602,"14/02/2024 17:15:04",1707930904602,0,"14/02/2024 17:15:04",163173,5,"questionnaire-txxf",NA,35149805,10387564,NA,"complete",NA,"65ccf48b8a8e9c826f9c5ecf","computer","Desktop or Laptop","Windows 10","Chrome 121.0.0.0","1920x1080","1920x929",NA,NA,0,"Life Happiness",2,"In","FGEHDICJBKAL",NA,"In",4,"-60","MDPRF10666"
"1",1707931041717,"14/02/2024 17:17:21",1707931041717,0,"14/02/2024 17:17:21",163173,5,"questionnaire-txxf",NA,35149972,10387499,NA,"complete",NA,"65ccf3430ed0fd86d10054a7","computer","Desktop or Laptop","Windows 10","Chrome 121.0.0.0","1920x1080","958x943",NA,NA,0,"Life Happiness",2,"In","JKILHAGBFCED",NA,"In",1,"-65","MDPRF01065"
"1",1707931106415,"14/02/2024 17:18:26",1707931106415,0,"14/02/2024 17:18:26",163173,5,"questionnaire-txxf",NA,35150050,10387501,NA,"complete",NA,"65ccf3b1079131ffd5cbe632","computer","Desktop or Laptop","Mac OS 10.15.7","Chrome 121.0.0.0","1440x900","1440x815",NA,NA,0,"Life Happiness",2,"In","KLJAIBHCGDFE",NA,"In",1,"-3","MDPRF88213"
"1",1707931128495,"14/02/2024 17:18:48",1707931128495,0,"14/02/2024 17:18:48",163173,5,"questionnaire-txxf",NA,35150073,10387526,NA,"complete",NA,"65ccf4349dae843a0d0f9880","computer","Desktop or Laptop","Mac OS 10.15.7","Chrome 121.0.0.0","1920x1080","1703x844",NA,NA,0,"Life Happiness",2,"In","DECFBGAHLIKJ",NA,"In",2,"21","MDPRF02797"
"1",1707931378654,"14/02/2024 17:22:58",1707913378654,-5,"14/02/2024 07:22:58",163173,5,"questionnaire-txxf",NA,35150397,10387506,NA,"complete",NA,"65ccf3d9e62215312acf18ac","computer","Desktop or Laptop","Mac OS 10.15.7","Chrome 119.0.0.0","1440x900","1422x790",NA,NA,0,"Life Happiness",2,"In","ABLCKDJEIFHG",NA,"In",4,"9","MDPRF13097"
"1",1707931487374,"14/02/2024 17:24:47",1707931487374,0,"14/02/2024 17:24:47",163173,5,"questionnaire-txxf",NA,35150546,10387524,NA,"complete",NA,"65ccf40ac163c204f747e289","computer","Desktop or Laptop","Windows 10","Chrome 121.0.0.0","1920x1080","1920x911",NA,NA,0,"Life Happiness",2,"In","BCADLEKFJGIH",NA,"In",2,"-75","MDPRF64836"
"1",1707931493334,"14/02/2024 17:24:53",1707931493334,0,"14/02/2024 17:24:53",163173,5,"questionnaire-txxf",NA,35150558,10387491,NA,"complete",NA,"65ccf38b7c8fa41cb1d4ae4d","computer","Desktop or Laptop","Windows 10","Chrome 121.0.0.0","1280x720","1280x585",NA,NA,0,"Life Happiness",2,"In","LAKBJCIDHEGF",NA,"In",4,"26","MDPRF23119"
"1",1707931502558,"14/02/2024 17:25:02",1707931502558,0,"14/02/2024 17:25:02",163173,5,"questionnaire-txxf",NA,35150563,10387555,NA,"complete",NA,"65ccf482e1bae130ba2a80c2","computer","Desktop or Laptop","Windows 10","Chrome 121.0.0.0","1280x800","1280x673",NA,NA,0,"Life Happiness",2,"In","EFDGCHBIAJLK",NA,"In",4,"49","MDPRF54374"
"1",1707930958197,"14/02/2024 17:15:58",1707930958197,0,"14/02/2024 17:15:58",163173,5,"questionnaire-txxf",NA,35149877,10387604,NA,"complete",NA,"65ccf509ab1e0c50343ca407","computer","Desktop or Laptop","Windows 10","Chrome 121.0.0.0","1536x864","1536x695",NA,NA,0,"Life Happiness",2,"In","GHFIEJDKCLBA",NA,"In",1,"-19","MDPRF41746"
"1",1707931061952,"14/02/2024 17:17:41",1707931061952,0,"14/02/2024 17:17:41",163173,5,"questionnaire-txxf",NA,35149999,10387626,NA,"complete",NA,"65ccf540792c7d5ae6024ccb","computer","Desktop or Laptop","Windows 10","Chrome 120.0.0.0","1536x864","2048x926",NA,NA,0,"Life Happiness",2,"In","HIGJFKELDACB",NA,"In",2,"70","MDPRF62405"
"1",1707931220923,"14/02/2024 17:20:20",1707931220923,0,"14/02/2024 17:20:20",163173,5,"questionnaire-txxf",NA,35150178,10387622,NA,"complete",NA,"65ccf525ad4f6da6f1dc487c","computer","Desktop or Laptop","Windows 10","Firefox 122.0","1366x768","1366x635",NA,NA,0,"Life Happiness",2,"In","IJHKGLFAEBDC",NA,"In",1,"53","MDPRF56705"
"1",1707931261212,"14/02/2024 17:21:01",1707931261212,0,"14/02/2024 17:21:01",163173,5,"questionnaire-txxf",NA,35150227,10387633,NA,"complete",NA,"65ccf57bc06aada397cbe508","computer","Desktop or Laptop","Mac OS 10.15.7","Chrome 120.0.0.0","1470x956","1470x833",NA,NA,0,"Life Happiness",2,"In","JKILHAGBFCED",NA,"In",3,"8","MDPRF36379"
"1",1707931342484,"14/02/2024 17:22:22",1707913342484,-5,"14/02/2024 07:22:22",163173,5,"questionnaire-txxf",NA,35150339,10387701,NA,"complete",NA,"65ccf68189fa91e9c82510f1","computer","Desktop or Laptop","Windows 10","Firefox 122.0","1536x864","1536x739",NA,NA,0,"Life Happiness",2,"In","GHFIEJDKCLBA",NA,"In",2,"58","MDPRF94910"
"1",1707931400342,"14/02/2024 17:23:20",1707931400342,0,"14/02/2024 17:23:20",163173,5,"questionnaire-txxf",NA,35150422,10387699,NA,"complete",NA,"65ccf65e82d02149b515f608","computer","Desktop or Laptop","Mac OS 10.15.7","Safari 17.0","1440x900","960x546",NA,NA,0,"Life Happiness",2,"In","FGEHDICJBKAL",NA,"In",2,"-56","MDPRF54733"
"1",1707931522752,"14/02/2024 17:25:22",1707931522752,0,"14/02/2024 17:25:22",163173,5,"questionnaire-txxf",NA,35150596,10387698,NA,"complete",NA,"65ccf677d89ea75f23a6f20f","computer","Desktop or Laptop","Windows 10","Chrome 121.0.0.0","1280x720","1280x551",NA,NA,0,"Life Happiness",2,"In","EFDGCHBIAJLK",NA,"In",3,"60","MDPRF62264"
"1",1707931531914,"14/02/2024 17:25:31",1707931531914,0,"14/02/2024 17:25:31",163173,5,"questionnaire-txxf",NA,35150599,10387662,NA,"complete",NA,"65ccf5d589fa91e9c82510cc","computer","Desktop or Laptop","Mac OS 10.15.7","Chrome 121.0.0.0","1440x900","1440x779",NA,NA,0,"Life Happiness",2,"In","KLJAIBHCGDFE",NA,"In",2,"44","MDPRF05446"
"1",1707931552907,"14/02/2024 17:25:52",1707931552907,0,"14/02/2024 17:25:52",163173,5,"questionnaire-txxf",NA,35150625,10387725,NA,"complete",NA,"65ccf702018a2f91fd4de631","computer","Desktop or Laptop","Windows 10","Chrome 121.0.0.0","1536x960","1536x825",NA,NA,0,"Life Happiness",2,"In","HIGJFKELDACB",NA,"In",4,"59","MDPRF36650"
"1",1707931694121,"14/02/2024 17:28:14",1707931694121,0,"14/02/2024 17:28:14",163173,5,"questionnaire-txxf",NA,35150822,10387752,NA,"complete",NA,"65ccf73689fa91e9c8251121","computer","Desktop or Laptop","Mac OS 10.15.7","Chrome 121.0.0.0","1440x900","1371x749",NA,NA,0,"Life Happiness",2,"In","IJHKGLFAEBDC",NA,"In",2,"26","MDPRF15001"
"1",1707931693664,"14/02/2024 17:28:13",1707931693664,0,"14/02/2024 17:28:13",163173,5,"questionnaire-txxf",NA,35150823,10387681,NA,"complete",NA,"65ccf64655a9a46df1623885","computer","Desktop or Laptop","Mac OS 10.15.7","Chrome 121.0.0.0","1440x900","1185x728",NA,NA,0,"Life Happiness",2,"In","DECFBGAHLIKJ",NA,"In",1,"22","MDPRF48256"
"1",1707931706814,"14/02/2024 17:28:26",1707931706814,0,"14/02/2024 17:28:26",163173,5,"questionnaire-txxf",NA,35150840,10387755,NA,"complete",NA,"65ccf787f963d201475b6eff","computer","Desktop or Laptop","Windows 10","Chrome 121.0.0.0","1536x864","1536x703",NA,NA,0,"Life Happiness",2,"In","FGEHDICJBKAL",NA,"In",4,"85","MDPRF06162"
"1",1707931742208,"14/02/2024 17:29:02",1707931742208,0,"14/02/2024 17:29:02",163173,5,"questionnaire-txxf",NA,35150884,10387663,NA,"complete",NA,"65ccf5e94f2075e81ebd114e","computer","Desktop or Laptop","Windows 10","Chrome 121.0.0.0","1600x1000","1600x912",NA,NA,0,"Life Happiness",2,"In","ABLCKDJEIFHG",NA,"In",3,"-29","MDPRF96993"
"1",1707931812700,"14/02/2024 17:30:12",1707931812700,0,"14/02/2024 17:30:12",163173,5,"questionnaire-txxf",NA,35150964,10387660,NA,"complete",NA,"65ccf5aec925b33add15f64a","computer","Desktop or Laptop","Windows 10","Chrome 121.0.0.0","1280x720","1280x551",NA,NA,0,"Life Happiness",2,"In","LAKBJCIDHEGF",NA,"In",3,"-31","MDPRF53772"
"1",1707931872184,"14/02/2024 17:31:12",1707931872184,0,"14/02/2024 17:31:12",163173,5,"questionnaire-txxf",NA,35151052,10387748,NA,"complete",NA,"65ccf73ff4a81c34530b9eac","computer","Desktop or Laptop","Windows 10","Chrome 121.0.0.0","1366x768","1366x633",NA,NA,0,"Life Happiness",2,"In","JKILHAGBFCED",NA,"In",1,"-48","MDPRF71024"
"1",1707931896957,"14/02/2024 17:31:36",1707931896957,0,"14/02/2024 17:31:36",163173,5,"questionnaire-txxf",NA,35151086,10387669,NA,"complete",NA,"65ccf5c37b5daf953908dda9","computer","Desktop or Laptop","Windows 10","Chrome 121.0.0.0","1280x720","1280x551",NA,NA,0,"Life Happiness",2,"In","BCADLEKFJGIH",NA,"In",1,"45","MDPRF66727"
"1",1707932122009,"14/02/2024 17:35:22",1707932122009,0,"14/02/2024 17:35:22",163173,5,"questionnaire-txxf",NA,35151370,10387753,NA,"complete",NA,"65ccf76e377ad148b585a8c3","computer","Desktop or Laptop","Mac OS 10.15.7","Chrome 116.0.0.0","1440x900","1440x815",NA,NA,0,"Life Happiness",2,"In","CDBEAFLGKHJI",NA,"In",2,"21","MDPRF88210"
"1",1707932152083,"14/02/2024 17:35:52",1707932152083,0,"14/02/2024 17:35:52",163173,5,"questionnaire-txxf",NA,35151411,10387759,NA,"complete",NA,"65ccf78189fa91e9c8251131","computer","Desktop or Laptop","Windows 10","Chrome 120.0.0.0","1536x864","1536x730",NA,NA,0,"Life Happiness",2,"In","LAKBJCIDHEGF",NA,"In",3,"69","MDPRF32156"
"1",1707933020079,"14/02/2024 17:50:20",1707936620079,1,"14/02/2024 19:50:20",163173,5,"questionnaire-txxf",NA,35152284,10387747,NA,"complete",NA,"65ccf6917c8fa41cb1d4af26","computer","Desktop or Laptop","Mac OS 10.15.7","Chrome 120.0.0.0","1920x1243","1110x877",NA,NA,0,"Life Happiness",2,"In","GHFIEJDKCLBA",NA,"In",3,"100","MDPRF00664"
"1",1707931740294,"14/02/2024 17:29:00",1707931740294,0,"14/02/2024 17:29:00",163173,5,"questionnaire-txxf",NA,35150882,10387794,NA,"complete",NA,"65ccf8238ddcf415d9208f97","computer","Desktop or Laptop","Windows 10","Chrome 121.0.0.0","1920x1080","1920x911",NA,NA,0,"Life Happiness",2,"In","GHFIEJDKCLBA",NA,"In",1,"-89","MDPRF42249"
"1",1707931874314,"14/02/2024 17:31:14",1707931874314,0,"14/02/2024 17:31:14",163173,5,"questionnaire-txxf",NA,35151059,10387797,NA,"complete",NA,"65ccf83047b5641587110d69","computer","Desktop or Laptop","Windows 10","Chrome 121.0.0.0","1920x1080","1920x919",NA,NA,0,"Life Happiness",2,"In","HIGJFKELDACB",NA,"In",1,"-35","MDPRF20908"
"1",1707931920188,"14/02/2024 17:32:00",1707931920188,0,"14/02/2024 17:32:00",163173,5,"questionnaire-txxf",NA,35151113,10387778,NA,"complete",NA,"65ccf7dddd4d3731bca8b7ed","computer","Desktop or Laptop","Windows 10","Chrome 121.0.0.0","1536x864","1536x695",NA,NA,0,"Life Happiness",2,"In","EFDGCHBIAJLK",NA,"In",2,"-19","MDPRF27407"
"1",1707931970896,"14/02/2024 17:32:50",1707931970896,0,"14/02/2024 17:32:50",163173,5,"questionnaire-txxf",NA,35151179,10387761,NA,"complete",NA,"65ccf78ccc80b4427ad4af6b","computer","Desktop or Laptop","Windows 10","Chrome 121.0.0.0","1536x960","1536x791",NA,NA,0,"Life Happiness",2,"In","KLJAIBHCGDFE",NA,"In",3,"39","MDPRF84633"
"1",1707932092642,"14/02/2024 17:34:52",1707932092642,0,"14/02/2024 17:34:52",163173,5,"questionnaire-txxf",NA,35151332,10387766,NA,"complete",NA,"65ccf7798a8e9c826f9c5fec","computer","Desktop or Laptop","Mac OS 10.15.7","Safari 14.0.3","1440x900","1440x812",NA,NA,0,"Life Happiness",2,"In","DECFBGAHLIKJ",NA,"In",4,"28","MDPRF59606"
"1",1707932124938,"14/02/2024 17:35:24",1707932124938,0,"14/02/2024 17:35:24",163173,5,"questionnaire-txxf",NA,35151374,10387834,NA,"complete",NA,"65ccf8daaa631da9ca8f473b","computer","Desktop or Laptop","Mac OS 10.15.7","Chrome 121.0.0.0","2560x1440","2560x1243",NA,NA,0,"Life Happiness",2,"In","KLJAIBHCGDFE",NA,"In",1,"-13","MDPRF37738"
"1",1707932132421,"14/02/2024 17:35:32",1707968132421,10,"15/02/2024 13:35:32",163173,5,"questionnaire-txxf",NA,35151383,10387823,NA,"complete",NA,"65ccf8b365e6e71ce098f195","computer","Desktop or Laptop","Windows 10","Chrome 121.0.0.0","1366x768","1366x607",NA,NA,0,"Life Happiness",2,"In","JKILHAGBFCED",NA,"In",4,"-66","MDPRF98941"
"1",1707932137294,"14/02/2024 17:35:37",1707903337294,-8,"14/02/2024 01:35:37",163173,5,"questionnaire-txxf",NA,35151384,10387764,NA,"complete",NA,"65ccf797edaff64f4e89c51b","computer","Desktop or Laptop","Mac OS 10.15.7","Chrome 121.0.0.0","1728x1117","1676x866",NA,NA,0,"Life Happiness",2,"In","BCADLEKFJGIH",NA,"In",4,"46","MDPRF06732"
"1",1707932491644,"14/02/2024 17:41:31",1707932491644,0,"14/02/2024 17:41:31",163173,5,"questionnaire-txxf",NA,35151816,10387767,NA,"complete",NA,"65ccf7b1377ad148b585a8d2","computer","Desktop or Laptop","Windows 10","Chrome 121.0.0.0","1280x720","1280x595",NA,NA,0,"Life Happiness",2,"In","ABLCKDJEIFHG",NA,"In",3,"60","MDPRF42960"
"1",1707932554016,"14/02/2024 17:42:34",1707932554016,0,"14/02/2024 17:42:34",163173,5,"questionnaire-txxf",NA,35151876,10387861,NA,"complete",NA,"65ccf8af3164aba72df52bd1","computer","Desktop or Laptop","Chromium OS 14541.0.0","Chrome 114.0.0.0","1536x864","1536x714",NA,NA,0,"Life Happiness",2,"In","ABLCKDJEIFHG",NA,"In",2,"-33","MDPRF77020"
"1",1707932606457,"14/02/2024 17:43:26",1707932606457,0,"14/02/2024 17:43:26",163173,5,"questionnaire-txxf",NA,35151935,10387940,NA,"complete",NA,"65ccfaa2e62215312acf19fe","computer","Desktop or Laptop","Windows 10","Chrome 121.0.0.0","1536x864","1536x695",NA,NA,0,"Life Happiness",2,"In","FGEHDICJBKAL",NA,"In",1,"41","MDPRF32301"
"1",1707932741740,"14/02/2024 17:45:41",1707932741740,0,"14/02/2024 17:45:41",163173,5,"questionnaire-txxf",NA,35152055,10387909,NA,"complete",NA,"65ccf9d72dce2086b996c980","computer","Desktop or Laptop","Windows 10","Chrome 121.0.0.0","1366x768","1366x607",NA,NA,0,"Life Happiness",2,"In","DECFBGAHLIKJ",NA,"In",3,"-22","MDPRF02872"
"1",1707932775252,"14/02/2024 17:46:15",1707932775252,0,"14/02/2024 17:46:15",163173,5,"questionnaire-txxf",NA,35152084,10387841,NA,"complete",NA,"65ccf7aa016df0e332dff1bc","computer","Desktop or Laptop","Windows 10","Chrome 121.0.0.0","1280x720","1280x585",NA,NA,0,"Life Happiness",2,"In","LAKBJCIDHEGF",NA,"In",3,"-24","MDPRF63488"
"1",1707932816563,"14/02/2024 17:46:56",1707932816563,0,"14/02/2024 17:46:56",163173,5,"questionnaire-txxf",NA,35152118,10387907,NA,"complete",NA,"65ccf91d2db74dea4b209019","computer","Desktop or Laptop","Windows 10","Chrome 121.0.0.0","1280x720","1280x585",NA,NA,0,"Life Happiness",2,"In","EFDGCHBIAJLK",NA,"In",4,"73","MDPRF82422"
"1",1707933366022,"14/02/2024 17:56:06",1707933366022,0,"14/02/2024 17:56:06",163173,5,"questionnaire-txxf",NA,35152598,10388064,NA,"complete",NA,"65ccf8fe9e917c11e93bf0d8","computer","Desktop or Laptop","Windows 10","Edge 121.0.0.0","1366x768","1358x654",NA,NA,0,"Life Happiness",2,"In","HIGJFKELDACB",NA,"In",4,"-94","MDPRF69675"
"1",1707933391787,"14/02/2024 17:56:31",1707933391787,0,"14/02/2024 17:56:31",163173,5,"questionnaire-txxf",NA,35152633,10387877,NA,"complete",NA,"65ccf95806151f0d36e04283","computer","Desktop or Laptop","Mac OS 10.15.7","Chrome 119.0.0.0","1440x900","1440x681",NA,NA,0,"Life Happiness",2,"In","BCADLEKFJGIH",NA,"In",2,"51","MDPRF88097"
"1",1707933658748,"14/02/2024 18:00:58",1707933658748,0,"14/02/2024 18:00:58",163173,5,"questionnaire-txxf",NA,35152909,10387879,NA,"complete",NA,"65ccf9a2b0efb42d06251545","computer","Desktop or Laptop","Windows 10","Edge 121.0.0.0","1366x768","1318x646",NA,NA,0,"Life Happiness",2,"In","CDBEAFLGKHJI",NA,"In",2,"-60","MDPRF72992"
"1",1707933879289,"14/02/2024 18:04:39",1707933879289,0,"14/02/2024 18:04:39",163173,5,"questionnaire-txxf",NA,35153165,10388170,NA,"complete",NA,"65ccff7276d1e7e176ecd8cb","computer","Desktop or Laptop","Mac OS 10.15.7","Chrome 95.0.4638.54","1440x900","1440x821",NA,NA,0,"Life Happiness",2,"In","IJHKGLFAEBDC",NA,"In",1,"-88","MDPRF50626"
"1",1707934129814,"14/02/2024 18:08:49",1707934129814,0,"14/02/2024 18:08:49",163173,5,"questionnaire-txxf",NA,35153379,10388203,NA,"complete",NA,"65ccff82f200e9541dc03e61","computer","Desktop or Laptop","Windows 10","Edge 119.0.0.0","1280x720","1280x617",NA,NA,0,"Life Happiness",2,"In","JKILHAGBFCED",NA,"In",2,"-82","MDPRF65249"
"1",1707935598155,"14/02/2024 18:33:18",1707913998155,-6,"14/02/2024 06:33:18",163173,5,"questionnaire-txxf",NA,35154362,10388441,NA,"complete",NA,"65cd0587377ad148b585ac2e","computer","Desktop or Laptop","Windows 10","Chrome 121.0.0.0","1536x864","1536x730",NA,NA,0,"Life Happiness",2,"In","KLJAIBHCGDFE",NA,"In",4,"-62","MDPRF56429"
"1",1707937964209,"14/02/2024 19:12:44",1707937964209,0,"14/02/2024 19:12:44",163173,5,"questionnaire-txxf",NA,35155633,10388716,NA,"complete",NA,"65cd0d38500351e8c8f80863","computer","Desktop or Laptop","Windows 10","Chrome 121.0.0.0","1280x720","1280x632",NA,NA,0,"Life Happiness",2,"In","LAKBJCIDHEGF",NA,"In",1,"-65","MDPRF66474"
"1",1707939048044,"14/02/2024 19:30:48",1707939048044,0,"14/02/2024 19:30:48",163173,5,"questionnaire-txxf",NA,35156261,10388818,NA,"complete",NA,"65cd107fe75dfbcced622892","computer","Desktop or Laptop","Windows 10","Edge 121.0.0.0","1536x864","1528x742",NA,NA,0,"Life Happiness",2,"In","ABLCKDJEIFHG",NA,"In",3,"58","MDPRF26473"
"1",1707939947164,"14/02/2024 19:45:47",1707939947164,0,"14/02/2024 19:45:47",163173,5,"questionnaire-txxf",NA,35156662,10388952,NA,"complete",NA,"65cd14d809dab9082ed13b86","computer","Desktop or Laptop","Mac OS 10.15.7","Chrome 121.0.0.0","1440x900","865x673",NA,NA,0,"Life Happiness",2,"In","BCADLEKFJGIH",NA,"In",2,"37","MDPRF32263"
"1",1707991711698,"15/02/2024 10:08:31",1707991711698,0,"15/02/2024 10:08:31",163173,5,"questionnaire-txxf",NA,35167854,10392283,NA,"complete",NA,"65cde243ec9cc1ea25fb3407","computer","Desktop or Laptop","Windows 10","Chrome 121.0.0.0","1920x1080","1920x929",NA,NA,0,"Life Happiness",2,"In","FGEHDICJBKAL",NA,"In",1,"47","MDPRF41593"
"1",1707991809083,"15/02/2024 10:10:09",1707991809083,0,"15/02/2024 10:10:09",163173,5,"questionnaire-txxf",NA,35167899,10392268,NA,"complete",NA,"65cde1d8bb3de642ad44386a","computer","Desktop or Laptop","Windows 10","Chrome 121.0.0.0","1536x864","1536x703",NA,NA,0,"Life Happiness",2,"In","EFDGCHBIAJLK",NA,"In",4,"47","MDPRF72552"
"1",1707991808472,"15/02/2024 10:10:08",1707991808472,0,"15/02/2024 10:10:08",163173,5,"questionnaire-txxf",NA,35167901,10392237,NA,"complete",NA,"65cde1391b226940b7953913","computer","Desktop or Laptop","Windows 10","Chrome 120.0.0.0","1536x864","1536x695",NA,NA,0,"Life Happiness",2,"In","CDBEAFLGKHJI",NA,"In",3,"37","MDPRF79831"
"1",1707991842627,"15/02/2024 10:10:42",1707991842627,0,"15/02/2024 10:10:42",163173,5,"questionnaire-txxf",NA,35167926,10392311,NA,"complete",NA,"65cde2f496c07670987eaeee","computer","Desktop or Laptop","Mac OS 10.15","Firefox 122.0","1440x900","1426x720",NA,NA,0,"Life Happiness",2,"In","GHFIEJDKCLBA",NA,"In",2,"66","MDPRF75167"
"1",1707991966258,"15/02/2024 10:12:46",1707991966258,0,"15/02/2024 10:12:46",163173,5,"questionnaire-txxf",NA,35168016,10392261,NA,"complete",NA,"65cde156c44009fa1760869d","computer","Desktop or Laptop","Mac OS 10.15.7","Chrome 121.0.0.0","1440x900","1440x672",NA,NA,0,"Life Happiness",2,"In","DECFBGAHLIKJ",NA,"In",3,"50","MDPRF99282"
"1",1707992704414,"15/02/2024 10:25:04",1707992704414,0,"15/02/2024 10:25:04",163173,5,"questionnaire-txxf",NA,35168440,10392426,NA,"complete",NA,"65cde5a5c7c4e2221f40f103","computer","Desktop or Laptop","Mac OS 10.15.7","Safari 16.4","1440x900","1440x820",NA,NA,0,"Life Happiness",2,"In","HIGJFKELDACB",NA,"In",4,"-59","MDPRF05565"
"1",1707992905187,"15/02/2024 10:28:25",1707992905187,0,"15/02/2024 10:28:25",163173,5,"questionnaire-txxf",NA,35168578,10392435,NA,"complete",NA,"65cde6393fb41154eae8b36a","computer","Desktop or Laptop","Windows 10","Firefox 122.0","1920x1080","1908x921",NA,NA,0,"Life Happiness",2,"In","IJHKGLFAEBDC",NA,"In",1,"-60","MDPRF22046"
"1",1707993022875,"15/02/2024 10:30:22",1707993022875,0,"15/02/2024 10:30:22",163173,5,"questionnaire-txxf",NA,35168661,10392444,NA,"complete",NA,"65cde6614d80fc16af4c8b4a","computer","Desktop or Laptop","Windows 10","Edge 120.0.0.0","1536x960","1528x812",NA,NA,0,"Life Happiness",2,"In","JKILHAGBFCED",NA,"In",1,"67","MDPRF02973"
"1",1707993121003,"15/02/2024 10:32:01",1707993121003,0,"15/02/2024 10:32:01",163173,5,"questionnaire-txxf",NA,35168743,10392446,NA,"complete",NA,"65cde6767436a9aaea2a78ab","computer","Desktop or Laptop","Windows 10","Firefox 122.0","1920x1080","1920x919",NA,NA,0,"Life Happiness",2,"In","KLJAIBHCGDFE",NA,"In",3,"-60","MDPRF42986"
"1",1707993395622,"15/02/2024 10:36:35",1707993395622,0,"15/02/2024 10:36:35",163173,5,"questionnaire-txxf",NA,35168943,10392491,NA,"complete",NA,"65cde5eefc86493370b95670","computer","Desktop or Laptop","Mac OS 10.15.7","Chrome 120.0.0.0","1512x982","1505x760",NA,NA,0,"Life Happiness",2,"In","ABLCKDJEIFHG",NA,"In",4,"76","MDPRF08258"
"1",1707993407041,"15/02/2024 10:36:47",1707993407041,0,"15/02/2024 10:36:47",163173,5,"questionnaire-txxf",NA,35168980,10392543,NA,"complete",NA,"65cde8742fa2e48a0280d323","computer","Desktop or Laptop","Windows 10","Chrome 121.0.0.0","1280x720","1280x559",NA,NA,0,"Life Happiness",2,"In","FGEHDICJBKAL",NA,"In",3,"25","MDPRF73193"
"1",1707993408627,"15/02/2024 10:36:48",1707993408627,0,"15/02/2024 10:36:48",163173,5,"questionnaire-txxf",NA,35168984,10392489,NA,"complete",NA,"65cde752c4ada29166ff6a74","computer","Desktop or Laptop","Windows 10","Chrome 121.0.0.0","1536x864","1536x695",NA,NA,0,"Life Happiness",2,"In","LAKBJCIDHEGF",NA,"In",2,"-26","MDPRF73286"
"1",1707993528623,"15/02/2024 10:38:48",1707993528623,0,"15/02/2024 10:38:48",163173,5,"questionnaire-txxf",NA,35169074,10392529,NA,"complete",NA,"65cde82cfdfa0c8346fad166","computer","Desktop or Laptop","Windows 10","Chrome 121.0.0.0","1920x1080","1920x919",NA,NA,0,"Life Happiness",2,"In","EFDGCHBIAJLK",NA,"In",4,"-39","MDPRF26790"
"1",1707993675085,"15/02/2024 10:41:15",1707993675085,0,"15/02/2024 10:41:15",163173,5,"questionnaire-txxf",NA,35169249,10392516,NA,"complete",NA,"65cde7f8473756790c8c3d78","computer","Desktop or Laptop","Windows 10","Chrome 121.0.0.0","1920x1080","1920x945",NA,NA,0,"Life Happiness",2,"In","DECFBGAHLIKJ",NA,"In",3,"27","MDPRF51662"
"1",1707993743371,"15/02/2024 10:42:23",1707993743371,0,"15/02/2024 10:42:23",163173,5,"questionnaire-txxf",NA,35169325,10392498,NA,"complete",NA,"65cde7985b1fd768213c8595","computer","Desktop or Laptop","Windows 10","Chrome 121.0.0.0","1280x800","1280x631",NA,NA,0,"Life Happiness",2,"In","CDBEAFLGKHJI",NA,"In",1,"33","MDPRF02681"
"1",1707993951299,"15/02/2024 10:45:51",1707993951299,0,"15/02/2024 10:45:51",163173,5,"questionnaire-txxf",NA,35169356,10392493,NA,"complete",NA,"65cde76d9cc5c7584633b321","computer","Desktop or Laptop","Windows 10","Chrome 121.0.0.0","1366x768","1242x583",NA,NA,0,"Life Happiness",2,"In","BCADLEKFJGIH",NA,"In",2,"57","MDPRF93128"
"1",1707994138023,"15/02/2024 10:48:58",1707994138023,0,"15/02/2024 10:48:58",163173,5,"questionnaire-txxf",NA,35169760,10392587,NA,"complete",NA,"65cde7dc29ab753728b8bae6","computer","Desktop or Laptop","Windows 10","Chrome 121.0.0.0","1280x720","1280x559",NA,NA,0,"Life Happiness",2,"In","GHFIEJDKCLBA",NA,"In",4,"-40","MDPRF95465"
"1",1707994298837,"15/02/2024 10:51:38",1707994298837,0,"15/02/2024 10:51:38",163173,5,"questionnaire-txxf",NA,35169962,10392742,NA,"complete",NA,"65cdec25877c9e6251459e92","computer","Desktop or Laptop","Mac OS 10.15.7","Chrome 121.0.0.0","1440x900","1440x779",NA,NA,0,"Life Happiness",2,"In","HIGJFKELDACB",NA,"In",2,"-6","MDPRF04034"
"1",1707995158676,"15/02/2024 11:05:58",1707995158676,0,"15/02/2024 11:05:58",163173,5,"questionnaire-txxf",NA,35170789,10392847,NA,"complete",NA,"65cdece3a14b6659bed16be0","computer","Desktop or Laptop","Windows 10","Edge 121.0.0.0","1536x864","1488x750",NA,NA,0,"Life Happiness",2,"In","IJHKGLFAEBDC",NA,"In",1,"32","MDPRF56785"
"1",1708002448814,"15/02/2024 13:07:28",1707980848814,-6,"15/02/2024 01:07:28",163173,5,"questionnaire-txxf",NA,35178625,10394116,NA,"complete",NA,"65ce075ffdfc4d52aa620d1f","computer","Desktop or Laptop","Windows 10","Chrome 121.0.0.0","1536x864","1460x658",NA,NA,0,"Life Happiness",2,"In","JKILHAGBFCED",NA,"In",2,"19","MDPRF20625"
"1",1708076280158,"16/02/2024 09:38:00",1708076280158,0,"16/02/2024 09:38:00",163173,5,"questionnaire-txxf",NA,35213936,10404012,NA,"complete",NA,"65cf2b6a031026918a66a2ba","computer","Desktop or Laptop","Windows 10","Chrome 121.0.0.0","1920x1080","1920x919",NA,NA,0,"Life Happiness",2,"In","KLJAIBHCGDFE",NA,"In",1,"34","MDPRF16300"
