"Event.Index","UTC.Timestamp","UTC.Date.and.Time","Local.Timestamp","Local.Timezone","Local.Date.and.Time","Experiment.ID","Experiment.Version","Tree.Node.Key","Repeat.Key","Schedule.ID","Participant.Private.ID","Participant.Starting.Group","Participant.Status","Participant.Completion.Code","Participant.External.Session.ID","Participant.Device.Type","Participant.Device","Participant.OS","Participant.Browser","Participant.Monitor.Size","Participant.Viewport.Size","Checkpoint","Room.ID","Room.Order","Task.Name","Task.Version","branch.hkzp","order.ot79","branch.mcuq","branch.4fv7","randomiser.vjic","Multiple.Choice.object.2.Response","Multiple.Choice.object.2.Quantised","Random_ID"
"1",1707929135522,"14/02/2024 16:45:35",1707929135522,0,"14/02/2024 16:45:35",163173,5,"questionnaire-tzdp",NA,35147331,10387172,NA,"complete",NA,"65ccedc52a3ceca2b3cf12bd","computer","Desktop or Laptop","Windows 10","Chrome 121.0.0.0","1920x1080","1920x911",NA,NA,0,"Attention Check 1",2,"In","ABLCKDJEIFHG",NA,"In",3,"1","2","MDPRF13138"
"1",1707929433877,"14/02/2024 16:50:33",1707929433877,0,"14/02/2024 16:50:33",163173,5,"questionnaire-tzdp",NA,35147806,10387256,NA,"complete",NA,"65ccef2df33e7edc2ba99fc6","computer","Desktop or Laptop","Mac OS 10.15.7","Chrome 121.0.0.0","1440x900","1440x813",NA,NA,0,"Attention Check 1",2,"In","BCADLEKFJGIH",NA,"In",2,"1","2","MDPRF63569"
"1",1707929805587,"14/02/2024 16:56:45",1707929805587,0,"14/02/2024 16:56:45",163173,5,"questionnaire-tzdp",NA,35148328,10387326,NA,"complete",NA,"65ccf0a22a3ceca2b3cf1375","computer","Desktop or Laptop","Windows 10","Chrome 121.0.0.0","1536x864","1536x703",NA,NA,0,"Attention Check 1",2,"In","CDBEAFLGKHJI",NA,"In",4,"1","2","MDPRF73191"
"1",1707929893401,"14/02/2024 16:58:13",1707929893401,0,"14/02/2024 16:58:13",163173,5,"questionnaire-tzdp",NA,35148449,10387342,NA,"complete",NA,"65ccf0d7a3af9ad5691c1ee2","computer","Desktop or Laptop","Mac OS 10.15.7","Chrome 121.0.0.0","1440x900","1440x813",NA,NA,0,"Attention Check 1",2,"In","DECFBGAHLIKJ",NA,"In",2,"1","2","MDPRF12765"
"1",1707930075958,"14/02/2024 17:01:15",1707930075958,0,"14/02/2024 17:01:15",163173,5,"questionnaire-tzdp",NA,35148711,10387373,NA,"complete",NA,"65ccf14d7ceb9cd7d4dfa1ae","computer","Desktop or Laptop","Chromium OS 14816.131.0","Chrome 103.0.0.0","1536x864","1536x714",NA,NA,0,"Attention Check 1",2,"In","EFDGCHBIAJLK",NA,"In",1,"1","2","MDPRF79833"
"1",1707930172608,"14/02/2024 17:02:52",1707930172608,0,"14/02/2024 17:02:52",163173,5,"questionnaire-tzdp",NA,35148862,10387416,NA,"complete",NA,"65ccf21a22345f20629be59e","computer","Desktop or Laptop","Mac OS 10.15.7","Chrome 120.0.0.0","1470x956","1470x765",NA,NA,0,"Attention Check 1",2,"In","FGEHDICJBKAL",NA,"In",4,"1","2","MDPRF99152"
"1",1707930194676,"14/02/2024 17:03:14",1707930194676,0,"14/02/2024 17:03:14",163173,5,"questionnaire-tzdp",NA,35148891,10387405,NA,"complete",NA,"65ccf1d0bc4382242747e329","computer","Desktop or Laptop","Windows 10","Chrome 121.0.0.0","1366x768","1366x641",NA,NA,0,"Attention Check 1",2,"In","GHFIEJDKCLBA",NA,"In",1,"1","2","MDPRF47263"
"1",1707930428123,"14/02/2024 17:07:08",1707930428123,0,"14/02/2024 17:07:08",163173,5,"questionnaire-tzdp",NA,35149221,10387466,NA,"complete",NA,"65ccf2f9b0efb42d0625139b","computer","Desktop or Laptop","Windows 10","Opera 106.0.0.0","1920x1080","1879x970",NA,NA,0,"Attention Check 1",2,"In","HIGJFKELDACB",NA,"In",3,"1","2","MDPRF09500"
"1",1707930510474,"14/02/2024 17:08:30",1707930510474,0,"14/02/2024 17:08:30",163173,5,"questionnaire-tzdp",NA,35149311,10387477,NA,"complete",NA,"65ccf353b2a96acb3c9be840","computer","Desktop or Laptop","Windows 10","Edge 121.0.0.0","1280x720","1272x598",NA,NA,0,"Attention Check 1",2,"In","IJHKGLFAEBDC",NA,"In",3,"1","2","MDPRF36184"
"1",1707930579480,"14/02/2024 17:09:39",1707930579480,0,"14/02/2024 17:09:39",163173,5,"questionnaire-tzdp",NA,35149402,10387501,NA,"complete",NA,"65ccf3b1079131ffd5cbe632","computer","Desktop or Laptop","Mac OS 10.15.7","Chrome 121.0.0.0","1440x900","1440x815",NA,NA,0,"Attention Check 1",2,"In","KLJAIBHCGDFE",NA,"In",1,"1","2","MDPRF88213"
"1",1707930583756,"14/02/2024 17:09:43",1707930583756,0,"14/02/2024 17:09:43",163173,5,"questionnaire-tzdp",NA,35149408,10387499,NA,"complete",NA,"65ccf3430ed0fd86d10054a7","computer","Desktop or Laptop","Windows 10","Chrome 121.0.0.0","1920x1080","958x943",NA,NA,0,"Attention Check 1",2,"In","JKILHAGBFCED",NA,"In",1,"1","2","MDPRF01065"
"1",1707930597969,"14/02/2024 17:09:57",1707930597969,0,"14/02/2024 17:09:57",163173,5,"questionnaire-tzdp",NA,35149425,10387491,NA,"complete",NA,"65ccf38b7c8fa41cb1d4ae4d","computer","Desktop or Laptop","Windows 10","Chrome 121.0.0.0","1280x720","1280x585",NA,NA,0,"Attention Check 1",2,"In","LAKBJCIDHEGF",NA,"In",4,"1","2","MDPRF23119"
"1",1707930641471,"14/02/2024 17:10:41",1707912641471,-5,"14/02/2024 07:10:41",163173,5,"questionnaire-tzdp",NA,35149459,10387506,NA,"complete",NA,"65ccf3d9e62215312acf18ac","computer","Desktop or Laptop","Mac OS 10.15.7","Chrome 119.0.0.0","1440x900","1422x790",NA,NA,0,"Attention Check 1",2,"In","ABLCKDJEIFHG",NA,"In",4,"1","2","MDPRF13097"
"1",1707930695695,"14/02/2024 17:11:35",1707930695695,0,"14/02/2024 17:11:35",163173,5,"questionnaire-tzdp",NA,35149538,10387524,NA,"complete",NA,"65ccf40ac163c204f747e289","computer","Desktop or Laptop","Windows 10","Chrome 121.0.0.0","1920x1080","1920x911",NA,NA,0,"Attention Check 1",2,"In","BCADLEKFJGIH",NA,"In",2,"1","2","MDPRF64836"
"1",1707930804141,"14/02/2024 17:13:24",1707930804141,0,"14/02/2024 17:13:24",163173,5,"questionnaire-tzdp",NA,35149686,10387555,NA,"complete",NA,"65ccf482e1bae130ba2a80c2","computer","Desktop or Laptop","Windows 10","Chrome 121.0.0.0","1280x800","1280x673",NA,NA,0,"Attention Check 1",2,"In","EFDGCHBIAJLK",NA,"In",4,"1","2","MDPRF54374"
"1",1707930801150,"14/02/2024 17:13:21",1707930801150,0,"14/02/2024 17:13:21",163173,5,"questionnaire-tzdp",NA,35149687,10387526,NA,"complete",NA,"65ccf4349dae843a0d0f9880","computer","Desktop or Laptop","Mac OS 10.15.7","Chrome 121.0.0.0","1920x1080","1703x844",NA,NA,0,"Attention Check 1",2,"In","DECFBGAHLIKJ",NA,"In",2,"1","2","MDPRF02797"
"1",1707930821977,"14/02/2024 17:13:41",1707930821977,0,"14/02/2024 17:13:41",163173,5,"questionnaire-tzdp",NA,35149716,10387564,NA,"complete",NA,"65ccf48b8a8e9c826f9c5ecf","computer","Desktop or Laptop","Windows 10","Chrome 121.0.0.0","1920x1080","1920x929",NA,NA,0,"Attention Check 1",2,"In","FGEHDICJBKAL",NA,"In",4,"1","2","MDPRF10666"
"1",1707930946014,"14/02/2024 17:15:46",1707930946014,0,"14/02/2024 17:15:46",163173,5,"questionnaire-tzdp",NA,35149858,10387604,NA,"complete",NA,"65ccf509ab1e0c50343ca407","computer","Desktop or Laptop","Windows 10","Chrome 121.0.0.0","1536x864","1536x695",NA,NA,0,"Attention Check 1",2,"In","GHFIEJDKCLBA",NA,"In",1,"1","2","MDPRF41746"
"1",1707930976819,"14/02/2024 17:16:16",1707930976819,0,"14/02/2024 17:16:16",163173,5,"questionnaire-tzdp",NA,35149899,10387626,NA,"complete",NA,"65ccf540792c7d5ae6024ccb","computer","Desktop or Laptop","Windows 10","Chrome 120.0.0.0","1536x864","2048x926",NA,NA,0,"Attention Check 1",2,"In","HIGJFKELDACB",NA,"In",2,"1","2","MDPRF62405"
"1",1707930990086,"14/02/2024 17:16:30",1707930990086,0,"14/02/2024 17:16:30",163173,5,"questionnaire-tzdp",NA,35149918,10387622,NA,"complete",NA,"65ccf525ad4f6da6f1dc487c","computer","Desktop or Laptop","Windows 10","Firefox 122.0","1366x768","1366x635",NA,NA,0,"Attention Check 1",2,"In","IJHKGLFAEBDC",NA,"In",1,"1","2","MDPRF56705"
"1",1707931030726,"14/02/2024 17:17:10",1707931030726,0,"14/02/2024 17:17:10",163173,5,"questionnaire-tzdp",NA,35149958,10387633,NA,"complete",NA,"65ccf57bc06aada397cbe508","computer","Desktop or Laptop","Mac OS 10.15.7","Chrome 120.0.0.0","1470x956","1470x833",NA,NA,0,"Attention Check 1",2,"In","JKILHAGBFCED",NA,"In",3,"1","2","MDPRF36379"
"1",1707931137564,"14/02/2024 17:18:57",1707931137564,0,"14/02/2024 17:18:57",163173,5,"questionnaire-tzdp",NA,35150081,10387660,NA,"complete",NA,"65ccf5aec925b33add15f64a","computer","Desktop or Laptop","Windows 10","Chrome 121.0.0.0","1280x720","1280x551",NA,NA,0,"Attention Check 1",2,"In","LAKBJCIDHEGF",NA,"In",3,"1","2","MDPRF53772"
"1",1707931139738,"14/02/2024 17:18:59",1707931139738,0,"14/02/2024 17:18:59",163173,5,"questionnaire-tzdp",NA,35150086,10387662,NA,"complete",NA,"65ccf5d589fa91e9c82510cc","computer","Desktop or Laptop","Mac OS 10.15.7","Chrome 121.0.0.0","1440x900","1440x779",NA,NA,0,"Attention Check 1",2,"In","KLJAIBHCGDFE",NA,"In",2,"1","2","MDPRF05446"
"1",1707931155897,"14/02/2024 17:19:15",1707931155897,0,"14/02/2024 17:19:15",163173,5,"questionnaire-tzdp",NA,35150109,10387663,NA,"complete",NA,"65ccf5e94f2075e81ebd114e","computer","Desktop or Laptop","Windows 10","Chrome 121.0.0.0","1600x1000","1600x912",NA,NA,0,"Attention Check 1",2,"In","ABLCKDJEIFHG",NA,"In",3,"1","2","MDPRF96993"
"1",1707931166569,"14/02/2024 17:19:26",1707931166569,0,"14/02/2024 17:19:26",163173,5,"questionnaire-tzdp",NA,35150125,10387669,NA,"complete",NA,"65ccf5c37b5daf953908dda9","computer","Desktop or Laptop","Windows 10","Chrome 121.0.0.0","1280x720","1280x551",NA,NA,0,"Attention Check 1",2,"In","BCADLEKFJGIH",NA,"In",1,"1","2","MDPRF66727"
"1",1707931249648,"14/02/2024 17:20:49",1707931249648,0,"14/02/2024 17:20:49",163173,5,"questionnaire-tzdp",NA,35150210,10387681,NA,"complete",NA,"65ccf64655a9a46df1623885","computer","Desktop or Laptop","Mac OS 10.15.7","Chrome 121.0.0.0","1440x900","1185x728",NA,NA,0,"Attention Check 1",2,"In","DECFBGAHLIKJ",NA,"In",1,"1","2","MDPRF48256"
"1",1707931286938,"14/02/2024 17:21:26",1707931286938,0,"14/02/2024 17:21:26",163173,5,"questionnaire-tzdp",NA,35150272,10387698,NA,"complete",NA,"65ccf677d89ea75f23a6f20f","computer","Desktop or Laptop","Windows 10","Chrome 121.0.0.0","1280x720","1280x551",NA,NA,0,"Attention Check 1",2,"In","EFDGCHBIAJLK",NA,"In",3,"1","2","MDPRF62264"
"1",1707931314994,"14/02/2024 17:21:54",1707931314994,0,"14/02/2024 17:21:54",163173,5,"questionnaire-tzdp",NA,35150303,10387699,NA,"complete",NA,"65ccf65e82d02149b515f608","computer","Desktop or Laptop","Mac OS 10.15.7","Safari 17.0","1440x900","960x546",NA,NA,0,"Attention Check 1",2,"In","FGEHDICJBKAL",NA,"In",2,"1","2","MDPRF54733"
"1",1707931325712,"14/02/2024 17:22:05",1707913325712,-5,"14/02/2024 07:22:05",163173,5,"questionnaire-tzdp",NA,35150318,10387701,NA,"complete",NA,"65ccf68189fa91e9c82510f1","computer","Desktop or Laptop","Windows 10","Firefox 122.0","1536x864","1536x739",NA,NA,0,"Attention Check 1",2,"In","GHFIEJDKCLBA",NA,"In",2,"1","2","MDPRF94910"
"1",1707931446500,"14/02/2024 17:24:06",1707931446500,0,"14/02/2024 17:24:06",163173,5,"questionnaire-tzdp",NA,35150485,10387725,NA,"complete",NA,"65ccf702018a2f91fd4de631","computer","Desktop or Laptop","Windows 10","Chrome 121.0.0.0","1536x960","1536x825",NA,NA,0,"Attention Check 1",2,"In","HIGJFKELDACB",NA,"In",4,"1","2","MDPRF36650"
"1",1707931536356,"14/02/2024 17:25:36",1707931536356,0,"14/02/2024 17:25:36",163173,5,"questionnaire-tzdp",NA,35150607,10387752,NA,"complete",NA,"65ccf73689fa91e9c8251121","computer","Desktop or Laptop","Mac OS 10.15.7","Chrome 121.0.0.0","1440x900","1371x749",NA,NA,0,"Attention Check 1",2,"In","IJHKGLFAEBDC",NA,"In",2,"1","2","MDPRF15001"
"1",1707931561712,"14/02/2024 17:26:01",1707931561712,0,"14/02/2024 17:26:01",163173,5,"questionnaire-tzdp",NA,35150640,10387748,NA,"complete",NA,"65ccf73ff4a81c34530b9eac","computer","Desktop or Laptop","Windows 10","Chrome 121.0.0.0","1366x768","1366x633",NA,NA,0,"Attention Check 1",2,"In","JKILHAGBFCED",NA,"In",1,"1","2","MDPRF71024"
"1",1707931567591,"14/02/2024 17:26:07",1707931567591,0,"14/02/2024 17:26:07",163173,5,"questionnaire-tzdp",NA,35150642,10387761,NA,"complete",NA,"65ccf78ccc80b4427ad4af6b","computer","Desktop or Laptop","Windows 10","Chrome 121.0.0.0","1536x960","1536x791",NA,NA,0,"Attention Check 1",2,"In","KLJAIBHCGDFE",NA,"In",3,"1","2","MDPRF84633"
"1",1707931583108,"14/02/2024 17:26:23",1707931583108,0,"14/02/2024 17:26:23",163173,5,"questionnaire-tzdp",NA,35150662,10387759,NA,"complete",NA,"65ccf78189fa91e9c8251131","computer","Desktop or Laptop","Windows 10","Chrome 120.0.0.0","1536x864","1536x730",NA,NA,0,"Attention Check 1",2,"In","LAKBJCIDHEGF",NA,"In",3,"1","2","MDPRF32156"
"1",1707931620016,"14/02/2024 17:27:00",1707931620016,0,"14/02/2024 17:27:00",163173,5,"questionnaire-tzdp",NA,35150716,10387753,NA,"complete",NA,"65ccf76e377ad148b585a8c3","computer","Desktop or Laptop","Mac OS 10.15.7","Chrome 116.0.0.0","1440x900","1440x815",NA,NA,0,"Attention Check 1",2,"In","CDBEAFLGKHJI",NA,"In",2,"1","2","MDPRF88210"
"1",1707931637389,"14/02/2024 17:27:17",1707931637389,0,"14/02/2024 17:27:17",163173,5,"questionnaire-tzdp",NA,35150747,10387755,NA,"complete",NA,"65ccf787f963d201475b6eff","computer","Desktop or Laptop","Windows 10","Chrome 121.0.0.0","1536x864","1536x703",NA,NA,0,"Attention Check 1",2,"In","FGEHDICJBKAL",NA,"In",4,"1","2","MDPRF06162"
"1",1707932384247,"14/02/2024 17:39:44",1707935984247,1,"14/02/2024 19:39:44",163173,5,"questionnaire-tzdp",NA,35151707,10387747,NA,"complete",NA,"65ccf6917c8fa41cb1d4af26","computer","Desktop or Laptop","Mac OS 10.15.7","Chrome 120.0.0.0","1920x1243","1110x877",NA,NA,0,"Attention Check 1",2,"In","GHFIEJDKCLBA",NA,"In",3,"1","2","MDPRF00664"
"1",1707931599701,"14/02/2024 17:26:39",1707902799701,-8,"14/02/2024 01:26:39",163173,5,"questionnaire-tzdp",NA,35150672,10387764,NA,"complete",NA,"65ccf797edaff64f4e89c51b","computer","Desktop or Laptop","Mac OS 10.15.7","Chrome 121.0.0.0","1728x1117","1676x866",NA,NA,0,"Attention Check 1",2,"In","BCADLEKFJGIH",NA,"In",4,"1","2","MDPRF06732"
"1",1707931592753,"14/02/2024 17:26:32",1707931592753,0,"14/02/2024 17:26:32",163173,5,"questionnaire-tzdp",NA,35150673,10387767,NA,"complete",NA,"65ccf7b1377ad148b585a8d2","computer","Desktop or Laptop","Windows 10","Chrome 121.0.0.0","1280x720","1280x595",NA,NA,0,"Attention Check 1",2,"In","ABLCKDJEIFHG",NA,"In",3,"1","2","MDPRF42960"
"1",1707931626497,"14/02/2024 17:27:06",1707931626497,0,"14/02/2024 17:27:06",163173,5,"questionnaire-tzdp",NA,35150724,10387766,NA,"complete",NA,"65ccf7798a8e9c826f9c5fec","computer","Desktop or Laptop","Mac OS 10.15.7","Safari 14.0.3","1440x900","1440x812",NA,NA,0,"Attention Check 1",2,"In","DECFBGAHLIKJ",NA,"In",4,"1","2","MDPRF59606"
"1",1707931641054,"14/02/2024 17:27:21",1707931641054,0,"14/02/2024 17:27:21",163173,5,"questionnaire-tzdp",NA,35150752,10387778,NA,"complete",NA,"65ccf7dddd4d3731bca8b7ed","computer","Desktop or Laptop","Windows 10","Chrome 121.0.0.0","1536x864","1536x695",NA,NA,0,"Attention Check 1",2,"In","EFDGCHBIAJLK",NA,"In",2,"1","2","MDPRF27407"
"1",1707931726318,"14/02/2024 17:28:46",1707931726318,0,"14/02/2024 17:28:46",163173,5,"questionnaire-tzdp",NA,35150864,10387797,NA,"complete",NA,"65ccf83047b5641587110d69","computer","Desktop or Laptop","Windows 10","Chrome 121.0.0.0","1920x1080","1920x919",NA,NA,0,"Attention Check 1",2,"In","HIGJFKELDACB",NA,"In",1,"1","2","MDPRF20908"
"1",1707931732016,"14/02/2024 17:28:52",1707931732016,0,"14/02/2024 17:28:52",163173,5,"questionnaire-tzdp",NA,35150870,10387794,NA,"complete",NA,"65ccf8238ddcf415d9208f97","computer","Desktop or Laptop","Windows 10","Chrome 121.0.0.0","1920x1080","1920x911",NA,NA,0,"Attention Check 1",2,"In","GHFIEJDKCLBA",NA,"In",1,"1","2","MDPRF42249"
"1",1707931876789,"14/02/2024 17:31:16",1707967876789,10,"15/02/2024 13:31:16",163173,5,"questionnaire-tzdp",NA,35151060,10387823,NA,"complete",NA,"65ccf8b365e6e71ce098f195","computer","Desktop or Laptop","Windows 10","Chrome 121.0.0.0","1366x768","1366x607",NA,NA,0,"Attention Check 1",2,"In","JKILHAGBFCED",NA,"In",4,"1","2","MDPRF98941"
"1",1707931905869,"14/02/2024 17:31:45",1707931905869,0,"14/02/2024 17:31:45",163173,5,"questionnaire-tzdp",NA,35151098,10387834,NA,"complete",NA,"65ccf8daaa631da9ca8f473b","computer","Desktop or Laptop","Mac OS 10.15.7","Chrome 121.0.0.0","2560x1440","2560x1243",NA,NA,0,"Attention Check 1",2,"In","KLJAIBHCGDFE",NA,"In",1,"1","2","MDPRF37738"
"1",1707931949625,"14/02/2024 17:32:29",1707931949625,0,"14/02/2024 17:32:29",163173,5,"questionnaire-tzdp",NA,35151154,10387841,NA,"complete",NA,"65ccf7aa016df0e332dff1bc","computer","Desktop or Laptop","Windows 10","Chrome 121.0.0.0","1280x720","1280x585",NA,NA,0,"Attention Check 1",2,"In","LAKBJCIDHEGF",NA,"In",3,"1","2","MDPRF63488"
"1",1707932022382,"14/02/2024 17:33:42",1707932022382,0,"14/02/2024 17:33:42",163173,5,"questionnaire-tzdp",NA,35151239,10387861,NA,"complete",NA,"65ccf8af3164aba72df52bd1","computer","Desktop or Laptop","Chromium OS 14541.0.0","Chrome 114.0.0.0","1536x864","1536x714",NA,NA,0,"Attention Check 1",2,"In","ABLCKDJEIFHG",NA,"In",2,"1","2","MDPRF77020"
"1",1707932088954,"14/02/2024 17:34:48",1707932088954,0,"14/02/2024 17:34:48",163173,5,"questionnaire-tzdp",NA,35151327,10387877,NA,"complete",NA,"65ccf95806151f0d36e04283","computer","Desktop or Laptop","Mac OS 10.15.7","Chrome 119.0.0.0","1440x900","1440x681",NA,NA,0,"Attention Check 1",2,"In","BCADLEKFJGIH",NA,"In",2,"1","2","MDPRF88097"
"1",1707932111737,"14/02/2024 17:35:11",1707932111737,0,"14/02/2024 17:35:11",163173,5,"questionnaire-tzdp",NA,35151356,10387879,NA,"complete",NA,"65ccf9a2b0efb42d06251545","computer","Desktop or Laptop","Windows 10","Edge 121.0.0.0","1366x768","1318x646",NA,NA,0,"Attention Check 1",2,"In","CDBEAFLGKHJI",NA,"In",2,"1","2","MDPRF72992"
"1",1707932251552,"14/02/2024 17:37:31",1707932251552,0,"14/02/2024 17:37:31",163173,5,"questionnaire-tzdp",NA,35151540,10387909,NA,"complete",NA,"65ccf9d72dce2086b996c980","computer","Desktop or Laptop","Windows 10","Chrome 121.0.0.0","1366x768","1366x607",NA,NA,0,"Attention Check 1",2,"In","DECFBGAHLIKJ",NA,"In",3,"1","2","MDPRF02872"
"1",1707932260336,"14/02/2024 17:37:40",1707932260336,0,"14/02/2024 17:37:40",163173,5,"questionnaire-tzdp",NA,35151554,10387907,NA,"complete",NA,"65ccf91d2db74dea4b209019","computer","Desktop or Laptop","Windows 10","Chrome 121.0.0.0","1280x720","1280x585",NA,NA,0,"Attention Check 1",2,"In","EFDGCHBIAJLK",NA,"In",4,"1","2","MDPRF82422"
"1",1707932377541,"14/02/2024 17:39:37",1707932377541,0,"14/02/2024 17:39:37",163173,5,"questionnaire-tzdp",NA,35151712,10387940,NA,"complete",NA,"65ccfaa2e62215312acf19fe","computer","Desktop or Laptop","Windows 10","Chrome 121.0.0.0","1536x864","1536x695",NA,NA,0,"Attention Check 1",2,"In","FGEHDICJBKAL",NA,"In",1,"1","2","MDPRF32301"
"1",1707933191961,"14/02/2024 17:53:11",1707933191961,0,"14/02/2024 17:53:11",163173,5,"questionnaire-tzdp",NA,35152429,10388064,NA,"complete",NA,"65ccf8fe9e917c11e93bf0d8","computer","Desktop or Laptop","Windows 10","Edge 121.0.0.0","1366x768","1358x654",NA,NA,0,"Attention Check 1",2,"In","HIGJFKELDACB",NA,"In",4,"1","2","MDPRF69675"
"1",1707933600636,"14/02/2024 18:00:00",1707933600636,0,"14/02/2024 18:00:00",163173,5,"questionnaire-tzdp",NA,35152847,10388170,NA,"complete",NA,"65ccff7276d1e7e176ecd8cb","computer","Desktop or Laptop","Mac OS 10.15.7","Chrome 95.0.4638.54","1440x900","1440x821",NA,NA,0,"Attention Check 1",2,"In","IJHKGLFAEBDC",NA,"In",1,"1","2","MDPRF50626"
"1",1707933765010,"14/02/2024 18:02:45",1707933765010,0,"14/02/2024 18:02:45",163173,5,"questionnaire-tzdp",NA,35153032,10388203,NA,"complete",NA,"65ccff82f200e9541dc03e61","computer","Desktop or Laptop","Windows 10","Edge 119.0.0.0","1280x720","1280x617",NA,NA,0,"Attention Check 1",2,"In","JKILHAGBFCED",NA,"In",2,"1","2","MDPRF65249"
"1",1707935178768,"14/02/2024 18:26:18",1707913578768,-6,"14/02/2024 06:26:18",163173,5,"questionnaire-tzdp",NA,35154112,10388441,NA,"complete",NA,"65cd0587377ad148b585ac2e","computer","Desktop or Laptop","Windows 10","Chrome 121.0.0.0","1536x864","1536x730",NA,NA,0,"Attention Check 1",2,"In","KLJAIBHCGDFE",NA,"In",4,"1","2","MDPRF56429"
"1",1707937207919,"14/02/2024 19:00:07",1707937207919,0,"14/02/2024 19:00:07",163173,5,"questionnaire-tzdp",NA,35155216,10388716,NA,"complete",NA,"65cd0d38500351e8c8f80863","computer","Desktop or Laptop","Windows 10","Chrome 121.0.0.0","1280x720","1280x632",NA,NA,0,"Attention Check 1",2,"In","LAKBJCIDHEGF",NA,"In",1,"1","2","MDPRF66474"
"1",1707938046142,"14/02/2024 19:14:06",1707938046142,0,"14/02/2024 19:14:06",163173,5,"questionnaire-tzdp",NA,35155685,10388818,NA,"complete",NA,"65cd107fe75dfbcced622892","computer","Desktop or Laptop","Windows 10","Edge 121.0.0.0","1536x864","1528x742",NA,NA,0,"Attention Check 1",2,"In","ABLCKDJEIFHG",NA,"In",3,"1","2","MDPRF26473"
"1",1707939076903,"14/02/2024 19:31:16",1707939076903,0,"14/02/2024 19:31:16",163173,5,"questionnaire-tzdp",NA,35156288,10388952,NA,"complete",NA,"65cd14d809dab9082ed13b86","computer","Desktop or Laptop","Mac OS 10.15.7","Chrome 121.0.0.0","1440x900","1368x673",NA,NA,0,"Attention Check 1",2,"In","BCADLEKFJGIH",NA,"In",2,"1","2","MDPRF32263"
"1",1707991389489,"15/02/2024 10:03:09",1707991389489,0,"15/02/2024 10:03:09",163173,5,"questionnaire-tzdp",NA,35167637,10392237,NA,"complete",NA,"65cde1391b226940b7953913","computer","Desktop or Laptop","Windows 10","Chrome 120.0.0.0","1536x864","1536x695",NA,NA,0,"Attention Check 1",2,"In","CDBEAFLGKHJI",NA,"In",3,"1","2","MDPRF79831"
"1",1707991511182,"15/02/2024 10:05:11",1707991511182,0,"15/02/2024 10:05:11",163173,5,"questionnaire-tzdp",NA,35167715,10392261,NA,"complete",NA,"65cde156c44009fa1760869d","computer","Desktop or Laptop","Mac OS 10.15.7","Chrome 121.0.0.0","1440x900","1440x672",NA,NA,0,"Attention Check 1",2,"In","DECFBGAHLIKJ",NA,"In",3,"1","2","MDPRF99282"
"1",1707991547344,"15/02/2024 10:05:47",1707991547344,0,"15/02/2024 10:05:47",163173,5,"questionnaire-tzdp",NA,35167747,10392268,NA,"complete",NA,"65cde1d8bb3de642ad44386a","computer","Desktop or Laptop","Windows 10","Chrome 121.0.0.0","1536x864","1536x703",NA,NA,0,"Attention Check 1",2,"In","EFDGCHBIAJLK",NA,"In",4,"1","2","MDPRF72552"
"1",1707991649507,"15/02/2024 10:07:29",1707991649507,0,"15/02/2024 10:07:29",163173,5,"questionnaire-tzdp",NA,35167811,10392283,NA,"complete",NA,"65cde243ec9cc1ea25fb3407","computer","Desktop or Laptop","Windows 10","Chrome 121.0.0.0","1920x1080","1920x929",NA,NA,0,"Attention Check 1",2,"In","FGEHDICJBKAL",NA,"In",1,"1","2","MDPRF41593"
"1",1707991834149,"15/02/2024 10:10:34",1707991834149,0,"15/02/2024 10:10:34",163173,5,"questionnaire-tzdp",NA,35167918,10392311,NA,"complete",NA,"65cde2f496c07670987eaeee","computer","Desktop or Laptop","Mac OS 10.15","Firefox 122.0","1440x900","1426x720",NA,NA,0,"Attention Check 1",2,"In","GHFIEJDKCLBA",NA,"In",2,"1","2","MDPRF75167"
"1",1707992629676,"15/02/2024 10:23:49",1707992629676,0,"15/02/2024 10:23:49",163173,5,"questionnaire-tzdp",NA,35168379,10392426,NA,"complete",NA,"65cde5a5c7c4e2221f40f103","computer","Desktop or Laptop","Mac OS 10.15.7","Safari 16.4","1440x900","1440x820",NA,NA,0,"Attention Check 1",2,"In","HIGJFKELDACB",NA,"In",4,"1","2","MDPRF05565"
"1",1707992669210,"15/02/2024 10:24:29",1707992669210,0,"15/02/2024 10:24:29",163173,5,"questionnaire-tzdp",NA,35168415,10392435,NA,"complete",NA,"65cde6393fb41154eae8b36a","computer","Desktop or Laptop","Windows 10","Firefox 122.0","1920x1080","1908x921",NA,NA,0,"Attention Check 1",2,"In","IJHKGLFAEBDC",NA,"In",1,"1","2","MDPRF22046"
"1",1707992731861,"15/02/2024 10:25:31",1707992731861,0,"15/02/2024 10:25:31",163173,5,"questionnaire-tzdp",NA,35168456,10392444,NA,"complete",NA,"65cde6614d80fc16af4c8b4a","computer","Desktop or Laptop","Windows 10","Edge 120.0.0.0","1536x960","1528x812",NA,NA,0,"Attention Check 1",2,"In","JKILHAGBFCED",NA,"In",1,"1","2","MDPRF02973"
"1",1707992826698,"15/02/2024 10:27:06",1707992826698,0,"15/02/2024 10:27:06",163173,5,"questionnaire-tzdp",NA,35168520,10392446,NA,"complete",NA,"65cde6767436a9aaea2a78ab","computer","Desktop or Laptop","Windows 10","Firefox 122.0","1920x1080","1920x919",NA,NA,0,"Attention Check 1",2,"In","KLJAIBHCGDFE",NA,"In",3,"1","2","MDPRF42986"
"1",1707992957936,"15/02/2024 10:29:17",1707992957936,0,"15/02/2024 10:29:17",163173,5,"questionnaire-tzdp",NA,35168613,10392489,NA,"complete",NA,"65cde752c4ada29166ff6a74","computer","Desktop or Laptop","Windows 10","Chrome 121.0.0.0","1536x864","1536x695",NA,NA,0,"Attention Check 1",2,"In","LAKBJCIDHEGF",NA,"In",2,"1","2","MDPRF73286"
"1",1707993017275,"15/02/2024 10:30:17",1707993017275,0,"15/02/2024 10:30:17",163173,5,"questionnaire-tzdp",NA,35168631,10392491,NA,"complete",NA,"65cde5eefc86493370b95670","computer","Desktop or Laptop","Mac OS 10.15.7","Chrome 120.0.0.0","1512x982","1505x760",NA,NA,0,"Attention Check 1",2,"In","ABLCKDJEIFHG",NA,"In",4,"1","2","MDPRF08258"
"1",1707993237666,"15/02/2024 10:33:57",1707993237666,0,"15/02/2024 10:33:57",163173,5,"questionnaire-tzdp",NA,35168689,10392493,NA,"complete",NA,"65cde76d9cc5c7584633b321","computer","Desktop or Laptop","Windows 10","Chrome 121.0.0.0","1366x768","1242x583",NA,NA,0,"Attention Check 1",2,"In","BCADLEKFJGIH",NA,"In",2,"1","2","MDPRF93128"
"1",1707993055541,"15/02/2024 10:30:55",1707993055541,0,"15/02/2024 10:30:55",163173,5,"questionnaire-tzdp",NA,35168691,10392498,NA,"complete",NA,"65cde7985b1fd768213c8595","computer","Desktop or Laptop","Windows 10","Chrome 121.0.0.0","1280x800","1280x631",NA,NA,0,"Attention Check 1",2,"In","CDBEAFLGKHJI",NA,"In",1,"1","2","MDPRF02681"
"1",1707993126352,"15/02/2024 10:32:06",1707993126352,0,"15/02/2024 10:32:06",163173,5,"questionnaire-tzdp",NA,35168747,10392516,NA,"complete",NA,"65cde7f8473756790c8c3d78","computer","Desktop or Laptop","Windows 10","Chrome 121.0.0.0","1920x1080","1920x945",NA,NA,0,"Attention Check 1",2,"In","DECFBGAHLIKJ",NA,"In",3,"1","2","MDPRF51662"
"1",1707993168847,"15/02/2024 10:32:48",1707993168847,0,"15/02/2024 10:32:48",163173,5,"questionnaire-tzdp",NA,35168791,10392529,NA,"complete",NA,"65cde82cfdfa0c8346fad166","computer","Desktop or Laptop","Windows 10","Chrome 121.0.0.0","1920x1080","1920x919",NA,NA,0,"Attention Check 1",2,"In","EFDGCHBIAJLK",NA,"In",4,"1","2","MDPRF26790"
"1",1707993275500,"15/02/2024 10:34:35",1707993275500,0,"15/02/2024 10:34:35",163173,5,"questionnaire-tzdp",NA,35168884,10392543,NA,"complete",NA,"65cde8742fa2e48a0280d323","computer","Desktop or Laptop","Windows 10","Chrome 121.0.0.0","1280x720","1280x559",NA,NA,0,"Attention Check 1",2,"In","FGEHDICJBKAL",NA,"In",3,"1","2","MDPRF73193"
"1",1707994124076,"15/02/2024 10:48:44",1707994124076,0,"15/02/2024 10:48:44",163173,5,"questionnaire-tzdp",NA,35169745,10392587,NA,"complete",NA,"65cde7dc29ab753728b8bae6","computer","Desktop or Laptop","Windows 10","Chrome 121.0.0.0","1280x720","1280x559",NA,NA,0,"Attention Check 1",2,"In","GHFIEJDKCLBA",NA,"In",4,"1","2","MDPRF95465"
"1",1707994197742,"15/02/2024 10:49:57",1707994197742,0,"15/02/2024 10:49:57",163173,5,"questionnaire-tzdp",NA,35169842,10392742,NA,"complete",NA,"65cdec25877c9e6251459e92","computer","Desktop or Laptop","Mac OS 10.15.7","Chrome 121.0.0.0","1440x900","1440x779",NA,NA,0,"Attention Check 1",2,"In","HIGJFKELDACB",NA,"In",2,"1","2","MDPRF04034"
"1",1707994729912,"15/02/2024 10:58:49",1707994729912,0,"15/02/2024 10:58:49",163173,5,"questionnaire-tzdp",NA,35170376,10392847,NA,"complete",NA,"65cdece3a14b6659bed16be0","computer","Desktop or Laptop","Windows 10","Edge 121.0.0.0","1536x864","1488x750",NA,NA,0,"Attention Check 1",2,"In","IJHKGLFAEBDC",NA,"In",1,"1","2","MDPRF56785"
"1",1708001679306,"15/02/2024 12:54:39",1707980079306,-6,"15/02/2024 00:54:39",163173,5,"questionnaire-tzdp",NA,35177926,10394116,NA,"complete",NA,"65ce075ffdfc4d52aa620d1f","computer","Desktop or Laptop","Windows 10","Chrome 121.0.0.0","1536x864","1460x658",NA,NA,0,"Attention Check 1",2,"In","JKILHAGBFCED",NA,"In",2,"1","2","MDPRF20625"
"1",1708075924941,"16/02/2024 09:32:04",1708075924941,0,"16/02/2024 09:32:04",163173,5,"questionnaire-tzdp",NA,35213769,10404012,NA,"complete",NA,"65cf2b6a031026918a66a2ba","computer","Desktop or Laptop","Windows 10","Chrome 121.0.0.0","1920x1080","1920x919",NA,NA,0,"Attention Check 1",2,"In","KLJAIBHCGDFE",NA,"In",1,"1","2","MDPRF16300"
